ts_code,csname,extname,cname,index_code,index_name,list_date,exchange
159001.SZ,易方达保证金货币A,货币ETF易方达,易方达保证金收益货币市场基金A类,,,20141020,SZ
159003.SZ,招商保证金快线A,招商快线ETF,招商保证金快线货币市场基金A类,,,20141020,SZ
159005.SZ,汇添富收益快钱货币A,快钱ETF汇添富,汇添富收益快钱货币市场基金A类,,,20150113,SZ
159007.SZ,华泰柏瑞中证畜牧养殖产业ETF,养殖ETF华泰柏瑞,华泰柏瑞中证畜牧养殖产业交易型开放式指数证券投资基金,931946.CSI,中证畜牧养殖产业指数,20260417,SZ
159008.SZ,景顺长城中证全指证券公司ETF,证券ETF景顺,景顺长城中证全指证券公司交易型开放式指数证券投资基金,399975.SZ,中证全指证券公司指数,20260428,SZ
159009.SZ,易方达创业板新能源ETF,创业板新能源ETF易方达,易方达创业板新能源交易型开放式指数证券投资基金,399266.SZ,创业板新能源指数,20260414,SZ
159010.SZ,博时恒生港股通科技主题ETF,港股通科技ETF博时,博时恒生港股通科技主题交易型开放式指数证券投资基金,HSSCITI.HI,恒生港股通科技主题指数,20260513,SZ
159012.SZ,鹏华科创创业50ETF,科创创业50ETF鹏华,鹏华中证科创创业50交易型开放式指数证券投资基金,931643.CSI,中证科创创业50指数,20260520,SZ
159013.SZ,大成中证工业互联网主题ETF,工业互联网ETF大成,大成中证工业互联网主题交易型开放式指数证券投资基金,931495.CSI,中证工业互联网主题指数,20260428,SZ
159015.SZ,国联恒生港股通科技ETF,恒生港股通科技ETF国联,国联恒生港股通科技主题交易型开放式指数证券投资基金,HSSCITI.HI,恒生港股通科技主题指数,20260508,SZ
159016.SZ,广发中证证券公司30ETF,证券ETF广发,广发中证证券公司30交易型开放式指数证券投资基金,931412.CSI,中证证券公司30指数,20260514,SZ
159017.SZ,石油ETF工银,石油ETF工银,工银瑞信国证石油天然气交易型开放式指数证券投资基金,399439.SZ,国证石油天然气指数,20260508,SZ
159018.SZ,广发国证石油天然气ETF,石油ETF广发,广发国证石油天然气交易型开放式指数证券投资基金,399439.SZ,国证石油天然气指数,20260427,SZ
159019.SZ,华宝国证石油天然气ETF,石油ETF华宝,华宝国证石油天然气交易型开放式指数证券投资基金,399439.SZ,国证石油天然气指数,20260423,SZ
159020.SZ,易方达中证畜牧养殖产业ETF,养殖ETF易方达,易方达中证畜牧养殖产业交易型开放式指数证券投资基金,931946.CSI,中证畜牧养殖产业指数,20260427,SZ
159021.SZ,华夏国证大盘价值ETF,大盘价值ETF华夏,华夏国证大盘价值交易型开放式指数证券投资基金,399373.SZ,国证大盘价值指数,20260515,SZ
159022.SZ,富国中证科创创业人工智能ETF,科创创业人工智能ETF富国,富国中证科创创业人工智能交易型开放式指数证券投资基金,932456.CSI,中证科创创业人工智能指数,20260424,SZ
159026.SZ,南方国证石油天然气ETF,石油ETF南方,南方国证石油天然气交易型开放式指数证券投资基金,399439.SZ,国证石油天然气指数,20260424,SZ
159027.SZ,大成中证畜牧养殖产业ETF,畜牧养殖ETF大成,大成中证畜牧养殖产业交易型开放式指数证券投资基金,931946.CSI,中证畜牧养殖产业指数,20260515,SZ
159028.SZ,天弘恒生港股通汽车主题ETF,港股汽车ETF天弘,天弘恒生港股通汽车主题交易型开放式指数证券投资基金,HSSCAM.HI,恒生港股通汽车主题指数,20260514,SZ
159029.SZ,广发中证有色金属矿业主题ETF,有色ETF广发,广发中证有色金属矿业主题交易型开放式指数证券投资基金,931892.CSI,中证有色金属矿业主题指数,20260521,SZ
159030.SZ,华夏国证粮食产业ETF,粮食ETF华夏,华夏国证粮食产业交易型开放式指数证券投资基金,399365.SZ,国证粮食产业指数,20260512,SZ
159032.SZ,易方达中证工业有色金属主题ETF,工业有色ETF易方达,易方达中证工业有色金属主题交易型开放式指数证券投资基金,H11059.CSI,中证工业有色金属主题指数,20260513,SZ
159035.SZ,天弘中证软件服务ETF,软件ETF天弘,天弘中证软件服务交易型开放式指数证券投资基金,930601.CSI,中证软件服务指数,20260515,SZ
159038.SZ,易方达国证粮食产业ETF,粮食ETF易方达,易方达国证粮食产业交易型开放式指数证券投资基金,399365.SZ,国证粮食产业指数,20260521,SZ
159100.SZ,华夏布拉德斯科巴西伊博维斯帕ETF(QDII),巴西ETF华夏,华夏布拉德斯科巴西伊博维斯帕交易型开放式指数证券投资基金(QDII),BOVESPA.OTH,巴西IBOVESPA指数,20251113,SZ
159101.SZ,华夏国证港股通科技ETF,港股通科技ETF华夏,华夏国证港股通科技交易型开放式指数证券投资基金,987008.SZ,国证港股通科技指数,20250903,SZ
159102.SZ,华安恒生生物科技ETF,港股通生物科技ETF华安,华安恒生生物科技交易型开放式指数证券投资基金,HSBIO.HI,恒生生物科技指数,20250916,SZ
159103.SZ,汇添富中证金融科技主题ETF,金融科技ETF汇添富,汇添富中证金融科技主题交易型开放式指数证券投资基金,930986.CSI,中证金融科技主题指数,20250910,SZ
159105.SZ,易方达恒生生物科技ETF,恒生生物科技ETF易方达,易方达恒生生物科技交易型开放式指数证券投资基金,HSBIO.HI,恒生生物科技指数,20251103,SZ
159106.SZ,前海开源中证民企300ETF,民企300ETF前海开源,前海开源中证民企300交易型开放式指数证券投资基金,931265.CSI,中证民企300指数,20251022,SZ
159107.SZ,富国创业板软件ETF,创业板软件ETF富国,富国创业板软件交易型开放式指数证券投资基金,399264.SZ,创业板软件指数,20250922,SZ
159108.SZ,博时国证工业软件主题ETF,工业软件ETF博时,博时国证工业软件主题交易型开放式指数证券投资基金,980034.SZ,国证工业软件主题指数,20251124,SZ
159109.SZ,景顺长城恒生港股通50ETF,恒生50ETF景顺,景顺长城恒生港股通50交易型开放式指数证券投资基金,HSSC50.HI,恒生港股通50指数,20251010,SZ
159110.SZ,万家深证AAA科技创新公司债ETF,科创债ETF万家,万家深证AAA科技创新公司债交易型开放式指数证券投资基金,921130.SZ,深证AAA科技创新公司债指数,20250924,SZ
159111.SZ,天弘中证AAA科技创新公司债ETF,科创债ETF天弘,天弘中证AAA科技创新公司债交易型开放式指数证券投资基金,932160.CSI,中证AAA科技创新公司债指数,20250924,SZ
159112.SZ,科创债ETF银华,科创债ETF银华,银华中证AAA科技创新公司债交易型开放式指数证券投资基金,932160.CSI,中证AAA科技创新公司债指数,20250924,SZ
159113.SZ,大成中证AAA科技创新公司债ETF,科创债ETF大成,大成中证AAA科技创新公司债交易型开放式指数证券投资基金,932160.CSI,中证AAA科技创新公司债指数,20250924,SZ
159115.SZ,华安中证AAA科技创新公司债ETF,科创债ETF华安,华安中证AAA科技创新公司债交易型开放式指数证券投资基金,932160.CSI,中证AAA科技创新公司债指数,20250924,SZ
159116.SZ,科创债ETF工银,科创债ETF工银,工银瑞信中证AAA科技创新公司债交易型开放式指数证券投资基金,932160.CSI,中证AAA科技创新公司债指数,20250924,SZ
159117.SZ,鹏华港股通低波红利ETF,港股通红利低波ETF鹏华,鹏华标普港股通低波红利交易型开放式指数证券投资基金,SPAHLVCP.OTH,标普港股通低波红利指数,20251017,SZ
159118.SZ,华夏标普港股通低波红利ETF,港股通红利低波ETF华夏,华夏标普港股通低波红利交易型开放式指数证券投资基金,SPAHLVCP.OTH,标普港股通低波红利指数,20251127,SZ
159119.SZ,招商中证800自由现金流ETF,800现金流ETF招商,招商中证800自由现金流交易型开放式指数证券投资基金,932368.CSI,中证800自由现金流指数,20251113,SZ
159120.SZ,国联安港股通科技ETF,港股通科技ETF国联安,国联安恒生港股通科技主题交易型开放式指数证券投资基金,HSSCITI.HI,恒生港股通科技主题指数,20251113,SZ
159121.SZ,易方达恒生港股通汽车主题ETF,港股通汽车ETF易方达,易方达恒生港股通汽车主题交易型开放式指数证券投资基金,HSSCAM.HI,恒生港股通汽车主题指数,20251124,SZ
159122.SZ,富国创业板新能源ETF,创业板新能源ETF富国,富国创业板新能源交易型开放式指数证券投资基金,399266.SZ,创业板新能源指数,20251103,SZ
159123.SZ,嘉实中证光伏产业ETF,光伏ETF嘉实,嘉实中证光伏产业交易型开放式指数证券投资基金,931151.CSI,中证光伏产业指数,20251127,SZ
159125.SZ,招商国证港股通科技ETF,港股通科技ETF招商,招商国证港股通科技交易型开放式指数证券投资基金,987008.SZ,国证港股通科技指数,20251106,SZ
159126.SZ,南方中证港股通50ETF,港股通50ETF南方,南方中证港股通50交易型开放式指数证券投资基金,930931.CSI,中证港股通50指数,20251103,SZ
159127.SZ,南方中证港股通高股息投资ETF,港股通红利ETF南方,南方中证港股通高股息投资交易型开放式指数证券投资基金,930914.CSI,中证港股通高股息投资指数,20251120,SZ
159128.SZ,天弘国证港股通科技ETF,港股科技ETF天弘,天弘国证港股通科技交易型开放式指数证券投资基金,987008.SZ,国证港股通科技指数,20251113,SZ
159129.SZ,嘉实中证细分化工产业主题ETF,化工ETF嘉实,嘉实中证细分化工产业主题交易型开放式指数证券投资基金,000813.CSI,中证细分化工产业主题指数,20251114,SZ
159130.SZ,鹏华恒生生物科技ETF,恒生生物科技ETF鹏华,鹏华恒生生物科技交易型开放式指数证券投资基金,HSBIO.HI,恒生生物科技指数,20251127,SZ
159131.SZ,华宝中证港股通信息技术综合ETF,港股通信息技术ETF华宝,华宝中证港股通信息技术综合交易型开放式指数证券投资基金,930967.CSI,中证港股通信息技术综合指数,20251113,SZ
159132.SZ,富国恒生生物科技ETF,恒生生物科技ETF富国,富国恒生生物科技交易型开放式指数证券投资基金,HSBIO.HI,恒生生物科技指数,20260108,SZ
159133.SZ,天弘中证细分化工产业主题ETF,化工ETF天弘,天弘中证细分化工产业主题交易型开放式指数证券投资基金,000813.CSI,中证细分化工产业主题指数,20251125,SZ
159135.SZ,前海开源恒生港股通科技主题ETF,港股通科技ETF前海开源,前海开源恒生港股通科技主题交易型开放式指数证券投资基金,HSSCITI.HI,恒生港股通科技主题指数,20260211,SZ
159136.SZ,广发中证A50ETF,A50ETF广发,广发中证A50交易型开放式指数证券投资基金,930050.CSI,中证A50指数,20251225,SZ
159137.SZ,华宝中证港股通医疗主题ETF,港股通医疗ETF华宝,华宝中证港股通医疗主题交易型开放式指数证券投资基金,932069.CSI,中证港股通医疗主题指数,20260112,SZ
159138.SZ,易方达中证工程机械主题ETF,工程机械ETF易方达,易方达中证工程机械主题交易型开放式指数证券投资基金,931752.CSI,中证工程机械主题指数,20260113,SZ
159139.SZ,华泰柏瑞中证科创创业人工智能ETF,科创创业人工智能ETF华泰柏瑞,华泰柏瑞中证科创创业人工智能交易型开放式指数证券投资基金,932456.CSI,中证科创创业人工智能指数,20251219,SZ
159140.SZ,易方达中证科创创业人工智能ETF,科创创业人工智能ETF易方达,易方达中证科创创业人工智能交易型开放式指数证券投资基金,932456.CSI,中证科创创业人工智能指数,20251218,SZ
159141.SZ,科创创业人工智能ETF永赢,科创创业人工智能ETF永赢,永赢中证科创创业人工智能交易型开放式指数证券投资基金,932456.CSI,中证科创创业人工智能指数,20251211,SZ
159142.SZ,景顺长城中证科创创业人工智能ETF,科创创业人工智能ETF景顺,景顺长城中证科创创业人工智能交易型开放式指数证券投资基金,932456.CSI,中证科创创业人工智能指数,20251212,SZ
159143.SZ,平安恒生中国央企红利ETF,港股通央企红利ETF平安,平安恒生港股通中国央企红利交易型开放式指数证券投资基金,HSSCSOY.HI,恒生港股通中国央企红利指数,20260112,SZ
159145.SZ,广发国证工业软件主题ETF,工业软件ETF广发,广发国证工业软件主题交易型开放式指数证券投资基金,980034.SZ,国证工业软件主题指数,20260119,SZ
159146.SZ,华宝中证全指电力公用事业ETF,电力ETF华宝,华宝中证全指电力公用事业交易型开放式指数证券投资基金,H30199.CSI,中证全指电力公用事业指数,20260120,SZ
159147.SZ,南方中证电池主题ETF,电池ETF南方,南方中证电池主题交易型开放式指数证券投资基金,931719.CSI,中证电池主题指数,20260123,SZ
159148.SZ,富国国证石油天然气ETF,石油ETF富国,富国国证石油天然气交易型开放式指数证券投资基金,399439.SZ,国证石油天然气指数,20260211,SZ
159149.SZ,创业板新能源ETF工银,创业板新能源ETF工银,工银瑞信创业板新能源交易型开放式指数证券投资基金,399266.SZ,创业板新能源指数,20260120,SZ
159150.SZ,易方达深证50ETF,深证50ETF易方达,易方达深证50交易型开放式指数证券投资基金,399850.SZ,深证50指数,20231211,SZ
159151.SZ,华夏中证全指食品ETF,食品ETF华夏,华夏中证全指食品交易型开放式指数证券投资基金,H30192.CSI,中证全指食品指数,20260114,SZ
159152.SZ,平安恒生港股通科技主题ETF,港股通科技ETF平安,平安恒生港股通科技主题交易型开放式指数证券投资基金,HSSCITI.HI,恒生港股通科技主题指数,20260203,SZ
159153.SZ,鹏华国证消费电子主题ETF,消费电子ETF鹏华,鹏华国证消费电子主题交易型开放式指数证券投资基金,980030.SZ,国证消费电子主题指数,20260209,SZ
159155.SZ,大成中证电池主题ETF,电池ETF大成,大成中证电池主题交易型开放式指数证券投资基金,931719.CSI,中证电池主题指数,20260121,SZ
159156.SZ,万家国证新能源车电池ETF,电池ETF万家,万家国证新能源车电池交易型开放式指数证券投资基金,980032.SZ,国证新能源车电池指数,20260212,SZ
159157.SZ,天弘中证工业有色金属主题ETF,有色金属ETF天弘,天弘中证工业有色金属主题交易型开放式指数证券投资基金,H11059.CSI,中证工业有色金属主题指数,20260206,SZ
159158.SZ,景顺长城中证全指电力公用事业ETF,电力ETF景顺,景顺长城中证全指电力公用事业交易型开放式指数证券投资基金,H30199.CSI,中证全指电力公用事业指数,20260127,SZ
159159.SZ,国投瑞银中证全指公用事业ETF,公用事业ETF国投瑞银,国投瑞银中证全指公用事业交易型开放式指数证券投资基金,000995.CSI,中证全指公用事业指数,20260212,SZ
159160.SZ,电池ETF东财,电池ETF东财,东财中证电池主题交易型开放式指数证券投资基金,931719.CSI,中证电池主题指数,20260327,SZ
159162.SZ,鹏华中证工业有色金属主题ETF,工业有色ETF鹏华,鹏华中证工业有色金属主题交易型开放式指数证券投资基金,H11059.CSI,中证工业有色金属主题指数,20260129,SZ
159163.SZ,泰康中证有色金属矿业主题ETF,有色ETF泰康,泰康中证有色金属矿业主题交易型开放式指数证券投资基金,931892.CSI,中证有色金属矿业主题指数,20260209,SZ
159165.SZ,养殖ETF永赢,养殖ETF永赢,永赢中证畜牧养殖产业交易型开放式指数证券投资基金,931946.CSI,中证畜牧养殖产业指数,20260212,SZ
159166.SZ,长城国证自由现金流ETF,现金流ETF长城,长城国证自由现金流交易型开放式指数证券投资基金,980092.SZ,国证自由现金流指数,20260318,SZ
159167.SZ,港股通医疗ETF工银,港股通医疗ETF工银,工银瑞信中证港股通医疗主题交易型开放式指数证券投资基金,932069.CSI,中证港股通医疗主题指数,20260212,SZ
159168.SZ,富国中证工业有色金属主题ETF,有色ETF富国,富国中证工业有色金属主题交易型开放式指数证券投资基金,H11059.CSI,中证工业有色金属主题指数,20260212,SZ
159169.SZ,广发恒生生物科技ETF,恒生生物科技ETF广发,广发恒生生物科技交易型开放式指数证券投资基金,HSBIO.HI,恒生生物科技指数,20260304,SZ
159170.SZ,港股通互联网ETF永赢,港股通互联网ETF永赢,永赢国证港股通互联网交易型开放式指数证券投资基金,987022.SZ,国证港股通互联网指数,20260319,SZ
159171.SZ,博时中证工业有色金属主题ETF,工业有色ETF博时,博时中证工业有色金属主题交易型开放式指数证券投资基金,H11059.CSI,中证工业有色金属主题指数,20260305,SZ
159172.SZ,汇添富中证畜牧养殖产业ETF,养殖ETF汇添富,汇添富中证畜牧养殖产业交易型开放式指数证券投资基金,931946.CSI,中证畜牧养殖产业指数,20260320,SZ
159173.SZ,南方中证全指农牧渔ETF,农牧ETF南方,南方中证全指农牧渔交易型开放式指数证券投资基金,930910.CSI,中证全指农牧渔指数,20260402,SZ
159175.SZ,易方达中证电池主题ETF,电池ETF易方达,易方达中证电池主题交易型开放式指数证券投资基金,931719.CSI,中证电池主题指数,20260305,SZ
159176.SZ,华宝中证全指家用电器ETF,家电ETF华宝,华宝中证全指家用电器交易型开放式指数证券投资基金,930697.CSI,中证全指家用电器指数,20260403,SZ
159177.SZ,鹏华中证工程机械主题ETF,工程机械ETF鹏华,鹏华中证工程机械主题交易型开放式指数证券投资基金,931752.CSI,中证工程机械主题指数,20260402,SZ
159178.SZ,汇添富国证消费电子主题ETF,消费电子ETF汇添富,汇添富国证消费电子主题交易型开放式指数证券投资基金,980030.SZ,国证消费电子主题指数,20260428,SZ
159179.SZ,港股通互联网ETF工银,港股通互联网ETF工银,工银瑞信中证港股通互联网交易型开放式指数证券投资基金,931637.CSI,中证港股通互联网指数,20260403,SZ
159180.SZ,软件ETF银华,软件ETF银华,银华国证工业软件主题交易型开放式指数证券投资基金,980034.SZ,国证工业软件主题指数,20260403,SZ
159181.SZ,易方达国证石油天然气ETF,石油ETF易方达,易方达国证石油天然气交易型开放式指数证券投资基金,399439.SZ,国证石油天然气指数,20260319,SZ
159182.SZ,南方中证全指家用电器ETF,家电ETF南方,南方中证全指家用电器交易型开放式指数证券投资基金,930697.CSI,中证全指家用电器指数,20260508,SZ
159183.SZ,招商中证新能源汽车ETF,新能源车ETF招商,招商中证新能源汽车交易型开放式指数证券投资基金,399976.SZ,中证新能源汽车指数,20260324,SZ
159185.SZ,鹏华中证港股通信息技术综合ETF,港股通信息技术ETF鹏华,鹏华中证港股通信息技术综合交易型开放式指数证券投资基金,930967.CSI,中证港股通信息技术综合指数,20260424,SZ
159186.SZ,鹏华恒生港股通汽车主题ETF,港股通汽车ETF鹏华,鹏华恒生港股通汽车主题交易型开放式指数证券投资基金,HSSCAM.HI,恒生港股通汽车主题指数,20260420,SZ
159187.SZ,景顺长城创业板新能源ETF,创业板新能源ETF景顺,景顺长城创业板新能源交易型开放式指数证券投资基金,399266.SZ,创业板新能源指数,20260401,SZ
159188.SZ,景顺长城标普中国A股红利100ETF,红利100ETF景顺,景顺长城标普中国A股红利100交易型开放式指数证券投资基金,SPCADMCP.OTH,标普中国A股红利100指数,20260410,SZ
159189.SZ,华夏国证石油天然气ETF,石油ETF华夏,华夏国证石油天然气交易型开放式指数证券投资基金,399439.SZ,国证石油天然气指数,20260319,SZ
159190.SZ,天弘创业板新能源ETF,创业板新能源ETF天弘,天弘创业板新能源交易型开放式指数证券投资基金,399266.SZ,创业板新能源指数,20260330,SZ
159191.SZ,易方达国证港股通科技ETF,港股通科技ETF易方达,易方达国证港股通科技交易型开放式指数证券投资基金,987008.SZ,国证港股通科技指数,20260326,SZ
159192.SZ,汇添富中证家电龙头ETF,家电ETF汇添富,汇添富中证家电龙头交易型开放式指数证券投资基金,931021.CSI,中证家电龙头指数,20260430,SZ
159193.SZ,新能源电池ETF银华,新能源电池ETF银华,银华国证新能源电池交易型开放式指数证券投资基金,980027.SZ,国证新能源电池指数,20260506,SZ
159195.SZ,华安国证石油天然气ETF,石油ETF华安,华安国证石油天然气交易型开放式指数证券投资基金,399439.SZ,国证石油天然气指数,20260402,SZ
159196.SZ,易方达中证港股通信息技术综合ETF,港股通信息技术ETF易方达,易方达中证港股通信息技术综合交易型开放式指数证券投资基金,930967.CSI,中证港股通信息技术综合指数,20260402,SZ
159197.SZ,招商国证石油天然气ETF,石油ETF招商,招商国证石油天然气交易型开放式指数证券投资基金,399439.SZ,国证石油天然气指数,20260402,SZ
159198.SZ,富国中证港股通信息技术综合ETF,港股通信息技术ETF富国,富国中证港股通信息技术综合交易型开放式指数证券投资基金,930967.CSI,中证港股通信息技术综合指数,20260403,SZ
159199.SZ,平安国证石油天然气ETF,石油ETF平安,平安国证石油天然气交易型开放式指数证券投资基金,399439.SZ,国证石油天然气指数,20260409,SZ
159200.SZ,富国中证AAA科技创新公司债ETF,科创债ETF富国,富国中证AAA科技创新公司债交易型开放式指数证券投资基金,932160.CSI,中证AAA科技创新公司债指数,20250717,SZ
159201.SZ,华夏国证自由现金流ETF,自由现金流ETF华夏,华夏国证自由现金流交易型开放式指数证券投资基金,980092.SZ,国证自由现金流指数,20250227,SZ
159202.SZ,万家恒生互联网科技业ETF(QDII),恒生互联网ETF万家,万家恒生互联网科技业交易型开放式指数证券投资基金(QDII),HSIII.HI,恒生互联网科技业指数,20250416,SZ
159203.SZ,博时国证大盘成长ETF,大盘成长ETF博时,博时国证大盘成长交易型开放式指数证券投资基金,399372.SZ,国证大盘成长指数,20250630,SZ
159205.SZ,创业板ETF东财,创业板ETF东财,东财创业板交易型开放式指数证券投资基金,399006.SZ,创业板指数,20250612,SZ
159206.SZ,卫星ETF永赢,卫星ETF永赢,永赢国证商用卫星通信产业交易型开放式指数证券投资基金,980018.SZ,国证商用卫星通信产业指数,20250314,SZ
159207.SZ,广发中证智选高股息策略ETF,高股息ETF广发,广发中证智选高股息策略交易型开放式指数证券投资基金,932305.CSI,中证智选高股息策略指数,20250409,SZ
159208.SZ,万家国证航天航空行业ETF,航空航天ETF万家,万家国证航天航空行业交易型开放式指数证券投资基金,CN5082.SZ,国证航天航空行业指数,20250512,SZ
159209.SZ,招商中证全指红利质量ETF,红利质量ETF招商,招商中证全指红利质量交易型开放式指数证券投资基金,932315.CSI,中证全指红利质量指数,20250325,SZ
159210.SZ,汇添富中证港股通汽车产业主题ETF,港股通汽车ETF汇添富,汇添富中证港股通汽车产业主题交易型开放式指数证券投资基金,931239.CSI,中证港股通汽车产业主题指数,20250604,SZ
159211.SZ,富国深证100ETF,深证100ETF富国,富国深证100交易型开放式指数证券投资基金,399330.SZ,深证100指数,20250414,SZ
159212.SZ,南方深证100ETF,深100ETF南方,南方深证100交易型开放式指数证券投资基金,399330.SZ,深证100指数,20250409,SZ
159213.SZ,汇添富中证机器人ETF,机器人ETF汇添富,汇添富中证机器人交易型开放式指数证券投资基金,H30590.CSI,中证机器人指数,20250430,SZ
159215.SZ,平安中证A500ETF,A500ETF平安,平安中证A500交易型开放式指数证券投资基金,000510.SH,中证A500指数,20250407,SZ
159216.SZ,大成深证100ETF,深证100ETF大成,大成深证100交易型开放式指数证券投资基金,399330.SZ,深证100指数,20250411,SZ
159217.SZ,港股通创新药ETF工银,港股通创新药ETF工银,工银瑞信国证港股通创新药交易型开放式指数证券投资基金,987018.SZ,国证港股通创新药指数,20250403,SZ
159218.SZ,招商中证卫星产业ETF,卫星ETF招商,招商中证卫星产业交易型开放式指数证券投资基金,931594.CSI,中证卫星产业指数,20250522,SZ
159219.SZ,融通深证100ETF,深证100ETF融通,融通深证100交易型开放式指数证券投资基金,399330.SZ,深证100指数,20250513,SZ
159220.SZ,华宝标普港股通低波红利ETF,港股通红利低波ETF华宝,华宝标普港股通低波红利交易型开放式指数证券投资基金,SPAHLVCP.OTH,标普港股通低波红利指数,20250512,SZ
159221.SZ,嘉实国证自由现金流ETF,现金流ETF嘉实,嘉实国证自由现金流交易型开放式指数证券投资基金,980092.SZ,国证自由现金流指数,20250513,SZ
159222.SZ,易方达国证自由现金流ETF,自由现金流ETF易方达,易方达国证自由现金流交易型开放式指数证券投资基金,980092.SZ,国证自由现金流指数,20250417,SZ
159223.SZ,现金流ETF永赢,现金流ETF永赢,永赢国证自由现金流交易型开放式指数证券投资基金,980092.SZ,国证自由现金流指数,20250703,SZ
159225.SZ,现金流ETF基金,现金流ETF银华,银华国证自由现金流交易型开放式指数证券投资基金,980092.SZ,国证自由现金流指数,20250417,SZ
159226.SZ,国泰中证A500增强策略ETF,中证A500增强ETF国泰,国泰中证A500增强策略交易型开放式指数证券投资基金,000510.SH,中证A500指数,20250529,SZ
159227.SZ,华夏国证航天航空行业ETF,航空航天ETF华夏,华夏国证航天航空行业交易型开放式指数证券投资基金,CN5082.SZ,国证航天航空行业指数,20250516,SZ
159228.SZ,长城中证红利低波100ETF,红利低波ETF长城,长城中证红利低波动100交易型开放式指数证券投资基金,930955.CSI,中证红利低波动100指数,20250618,SZ
159229.SZ,广发中证800自由现金流ETF,自由现金流ETF广发,广发中证800自由现金流交易型开放式指数证券投资基金,932368.CSI,中证800自由现金流指数,20250515,SZ
159230.SZ,华夏国证通用航空产业ETF,通用航空ETF华夏,华夏国证通用航空产业交易型开放式指数证券投资基金,980076.SZ,国证通用航空产业指数,20250530,SZ
159231.SZ,华宝国证通用航空产业ETF,通用航空ETF华宝,华宝国证通用航空产业交易型开放式指数证券投资基金,980076.SZ,国证通用航空产业指数,20250429,SZ
159232.SZ,南方中证全指自由现金流ETF,自由现金流ETF南方,南方中证全指自由现金流交易型开放式指数证券投资基金,932365.CSI,中证全指自由现金流指数,20250430,SZ
159233.SZ,平安中证全指自由现金流ETF,自由现金流ETF平安,平安中证全指自由现金流交易型开放式指数证券投资基金,932365.CSI,中证全指自由现金流指数,20250604,SZ
159235.SZ,大成中证全指自由现金流ETF,中证现金流ETF大成,大成中证全指自由现金流交易型开放式指数证券投资基金,932365.CSI,中证全指自由现金流指数,20250430,SZ
159236.SZ,自由现金流ETF工银,自由现金流ETF工银,工银瑞信中证全指自由现金流交易型开放式指数证券投资基金,932365.CSI,中证全指自由现金流指数,20250516,SZ
159237.SZ,港股汽车ETF工银,港股汽车ETF工银,工银瑞信中证港股通汽车产业主题交易型开放式指数证券投资基金,931239.CSI,中证港股通汽车产业主题指数,20250707,SZ
159238.SZ,景顺长城沪深300增强策略ETF,沪深300增强ETF景顺,景顺长城沪深300增强策略交易型开放式指数证券投资基金,000300.SH,沪深300指数,20250609,SZ
159239.SZ,富国恒生港股通汽车主题ETF,港股通汽车ETF富国,富国恒生港股通汽车主题交易型开放式指数证券投资基金,HSSCAM.HI,恒生港股通汽车主题指数,20250528,SZ
159240.SZ,天弘中证A500增强策略ETF,A500增强ETF天弘,天弘中证A500增强策略交易型开放式指数证券投资基金,000510.SH,中证A500指数,20250617,SZ
159241.SZ,天弘国证航天航空行业ETF,航空航天ETF天弘,天弘国证航天航空行业交易型开放式指数证券投资基金,CN5082.SZ,国证航天航空行业指数,20250529,SZ
159242.SZ,大成创业板人工智能ETF,创业板人工智能ETF大成,大成创业板人工智能交易型开放式指数证券投资基金,970070.SZ,创业板人工智能指数,20250724,SZ
159243.SZ,招商创业板人工智能ETF,创业板人工智能ETF招商,招商创业板人工智能交易型开放式指数证券投资基金,970070.SZ,创业板人工智能指数,20260105,SZ
159245.SZ,富国国证港股通消费主题ETF,港股通消费ETF富国,富国国证港股通消费主题交易型开放式指数证券投资基金,987024.SZ,国证港股通消费主题指数,20250619,SZ
159246.SZ,富国创业板人工智能ETF,创业板人工智能ETF富国,富国创业板人工智能交易型开放式指数证券投资基金,970070.SZ,创业板人工智能指数,20250710,SZ
159247.SZ,汇添富创业板ETF,创业板ETF汇添富,汇添富创业板交易型开放式指数证券投资基金,399006.SZ,创业板指数,20260202,SZ
159248.SZ,万家中证人工智能主题ETF,人工智能ETF万家,万家中证人工智能主题交易型开放式指数证券投资基金,930713.CSI,中证人工智能主题指数,20250724,SZ
159249.SZ,A500增强ETF工银,A500增强ETF工银,工银瑞信中证A500增强策略交易型开放式指数证券投资基金,000510.SH,中证A500指数,20250702,SZ
159251.SZ,万家国证港股通科技ETF,港股通科技ETF万家,万家国证港股通科技交易型开放式指数证券投资基金,987008.SZ,国证港股通科技指数,20250724,SZ
159253.SZ,博时中证银行ETF,银行ETF博时,博时中证银行交易型开放式指数证券投资基金,399986.SZ,中证银行指数,20251208,SZ
159255.SZ,易方达国证通用航空产业ETF,通用航空ETF易方达,易方达国证通用航空产业交易型开放式指数证券投资基金,980076.SZ,国证通用航空产业指数,20250804,SZ
159256.SZ,华夏创业板软件ETF,创业板软件ETF华夏,华夏创业板软件交易型开放式指数证券投资基金,399264.SZ,创业板软件指数,20250804,SZ
159257.SZ,汇添富国证通用航空产业ETF,航空ETF汇添富,汇添富国证通用航空产业交易型开放式指数证券投资基金,980076.SZ,国证通用航空产业指数,20250728,SZ
159258.SZ,南方中证机器人ETF,机器人ETF南方,南方中证机器人交易型开放式指数证券投资基金,H30590.CSI,中证机器人指数,20250801,SZ
159259.SZ,易方达国证成长100ETF,成长ETF易方达,易方达国证成长100交易型开放式指数证券投资基金,980080.SZ,国证成长100指数,20250828,SZ
159260.SZ,博时证券公司ETF,证券ETF博时,博时中证全指证券公司交易型开放式指数证券投资基金,399975.SZ,中证全指证券公司指数,20251104,SZ
159261.SZ,鹏华创业板新能源ETF,创业板新能源ETF鹏华,鹏华创业板新能源交易型开放式指数证券投资基金,399266.SZ,创业板新能源指数,20250707,SZ
159262.SZ,广发恒生港股通科技主题ETF,港股通科技ETF广发,广发恒生港股通科技主题交易型开放式指数证券投资基金,HSSCITI.HI,恒生港股通科技主题指数,20250707,SZ
159263.SZ,易方达国证价值100ETF,价值ETF易方达,易方达国证价值100交易型开放式指数证券投资基金,980081.SZ,国证价值100指数,20250708,SZ
159265.SZ,鹏华国证港股通消费主题ETF,港股消费ETF鹏华,鹏华国证港股通消费主题交易型开放式指数证券投资基金,987024.SZ,国证港股通消费主题指数,20250702,SZ
159266.SZ,港股央企红利ETF永赢,港股央企红利ETF永赢,永赢中证港股通央企红利交易型开放式指数证券投资基金,931233.CSI,中证港股通央企红利指数,20250801,SZ
159267.SZ,华安国证航天航空行业ETF,航天ETF华安,华安国证航天航空行业交易型开放式指数证券投资基金,CN5082.SZ,国证航天航空行业指数,20250801,SZ
159268.SZ,汇添富国证港股通消费主题ETF,港股通消费ETF汇添富,汇添富国证港股通消费主题交易型开放式指数证券投资基金,987024.SZ,国证港股通消费主题指数,20250721,SZ
159269.SZ,南方中证港股通科技ETF,港股通科技ETF南方,南方中证港股通科技交易型开放式指数证券投资基金,931573.CSI,中证港股通科技指数,20250710,SZ
159270.SZ,南方创业板中盘200ETF,创业板200ETF南方,南方创业板中盘200交易型开放式指数证券投资基金,399019.SZ,创业板中盘200指数,20250724,SZ
159271.SZ,鹏华恒生ETF,恒生ETF鹏华,鹏华恒生交易型开放式指数证券投资基金,HSI.HI,恒生指数,20250811,SZ
159272.SZ,富国国证机器人产业ETF,机器人ETF富国,富国国证机器人产业交易型开放式指数证券投资基金,980022.SZ,国证机器人产业指数,20250919,SZ
159273.SZ,汇添富中证沪港深云计算产业ETF,云计算ETF汇添富,汇添富中证沪港深云计算产业交易型开放式指数证券投资基金,931470.CSI,中证沪港深云计算产业指数,20250806,SZ
159275.SZ,华宝中证全指农牧渔ETF,农牧渔ETF华宝,华宝中证全指农牧渔交易型开放式指数证券投资基金,930910.CSI,中证全指农牧渔指数,20250929,SZ
159276.SZ,汇添富国证自由现金流ETF,现金流ETF汇添富,汇添富国证自由现金流交易型开放式指数证券投资基金,980092.SZ,国证自由现金流指数,20250728,SZ
159277.SZ,富国中证港股通高股息投资ETF,港股通红利ETF富国,富国中证港股通高股息投资交易型开放式指数证券投资基金,930914.CSI,中证港股通高股息投资指数,20250814,SZ
159278.SZ,鹏华国证机器人产业ETF,机器人ETF鹏华,鹏华国证机器人产业交易型开放式指数证券投资基金,980022.SZ,国证机器人产业指数,20250812,SZ
159279.SZ,华安创业板人工智能ETF,创业板人工智能ETF华安,华安创业板人工智能交易型开放式指数证券投资基金,970070.SZ,创业板人工智能指数,20250929,SZ
159280.SZ,汇添富国证港股通互联网ETF,港股通互联网ETF汇添富,汇添富国证港股通互联网交易型开放式指数证券投资基金,987022.SZ,国证港股通互联网指数,20250818,SZ
159281.SZ,天弘中证港股通央企红利ETF,港股央企红利ETF天弘,天弘中证港股通央企红利交易型开放式指数证券投资基金,931233.CSI,中证港股通央企红利指数,20250902,SZ
159283.SZ,南方中证通用航空主题ETF,通用航空ETF南方,南方中证通用航空主题交易型开放式指数证券投资基金,931855.CSI,中证通用航空主题指数,20250821,SZ
159285.SZ,华安国证港股通消费主题ETF,港股通消费ETF华安,华安国证港股通消费主题交易型开放式指数证券投资基金,987024.SZ,国证港股通消费主题指数,20251020,SZ
159286.SZ,鹏华国证港股通创新药ETF,港股通创新药ETF鹏华,鹏华国证港股通创新药交易型开放式指数证券投资基金,987018.SZ,国证港股通创新药指数,20250902,SZ
159287.SZ,博时创业板综合ETF,创业板综ETF博时,博时创业板综合交易型开放式指数证券投资基金,399102.SZ,创业板综合指数,20250827,SZ
159288.SZ,创业板综ETF银华,创业板综ETF银华,银华创业板综合交易型开放式指数证券投资基金,399102.SZ,创业板综合指数,20250926,SZ
159289.SZ,鹏华创业板综合ETF,创业板综指ETF鹏华,鹏华创业板综合交易型开放式指数证券投资基金,399102.SZ,创业板综合指数,20250915,SZ
159290.SZ,创业板综指增强ETF东财,创业板综指增强ETF东财,东财创业板综合增强策略交易型开放式指数证券投资基金,399102.SZ,创业板综合指数,20250917,SZ
159291.SZ,招商创业板综合增强策略ETF,创业板综增强ETF招商,招商创业板综合增强策略交易型开放式指数证券投资基金,399102.SZ,创业板综合指数,20250901,SZ
159292.SZ,华宝创业板综合增强策略ETF,创业板综增强ETF华宝,华宝创业板综合增强策略交易型开放式指数证券投资基金,399102.SZ,创业板综合指数,20250902,SZ
159293.SZ,建信创业板综合增强策略ETF,创业板综增强ETF建信,建信创业板综合增强策略交易型开放式指数证券投资基金,399102.SZ,创业板综合指数,20260113,SZ
159295.SZ,西部利得创业板综合ETF,创业综指ETF西部利得,西部利得创业板综合交易型开放式指数证券投资基金,399102.SZ,创业板综合指数,20251104,SZ
159296.SZ,华宝中证A500红利低波动ETF,A500红利低波ETF华宝,华宝中证A500红利低波动交易型开放式指数证券投资基金,932422.CSI,中证A500红利低波动指数,20250904,SZ
159297.SZ,南方国证港股通创新药ETF,港股通创新药ETF南方,南方国证港股通创新药交易型开放式指数证券投资基金,987018.SZ,国证港股通创新药指数,20250922,SZ
159298.SZ,大成创业板50ETF,创业板50ETF大成,大成创业板50交易型开放式指数证券投资基金,399673.SZ,创业板50指数,20250908,SZ
159299.SZ,易方达中证金融科技主题ETF,金融科技ETF易方达,易方达中证金融科技主题交易型开放式指数证券投资基金,930986.CSI,中证金融科技主题指数,20250911,SZ
159300.SZ,富国沪深300ETF,沪深300ETF富国,富国沪深300交易型开放式指数证券投资基金,000300.SH,沪深300指数,20240605,SZ
159301.SZ,华夏中证全指公用事业ETF,公用事业ETF华夏,华夏中证全指公用事业交易型开放式指数证券投资基金,000995.CSI,中证全指公用事业指数,20240722,SZ
159302.SZ,港股高股息ETF,港股高股息ETF银华,银华中证港股通高股息投资交易型开放式指数证券投资基金,930914.CSI,中证港股通高股息投资指数,20240902,SZ
159303.SZ,大成恒生医疗保健ETF(QDII),恒生医疗ETF大成,大成恒生医疗保健交易型开放式指数证券投资基金(QDII),HSHCI.HI,恒生医疗保健指数,20240627,SZ
159305.SZ,广发国证新能源电池ETF,储能电池ETF广发,广发国证新能源电池交易型开放式指数证券投资基金,980027.SZ,国证新能源电池指数,20240927,SZ
159306.SZ,平安中证汽车零部件主题ETF,汽车零部件ETF平安,平安中证汽车零部件主题交易型开放式指数证券投资基金,931230.CSI,中证汽车零部件主题指数,20240514,SZ
159307.SZ,博时中证红利低波100ETF,红利低波100ETF博时,博时中证红利低波动100交易型开放式指数证券投资基金,930955.CSI,中证红利低波动100指数,20240425,SZ
159309.SZ,汇添富中证油气资源ETF,油气ETF汇添富,汇添富中证油气资源交易型开放式指数证券投资基金,931248.CSI,中证油气资源指数,20240618,SZ
159310.SZ,天弘中证芯片产业ETF,芯片ETF天弘,天弘中证芯片产业交易型开放式指数证券投资基金,H30007.CSI,中证芯片产业指数,20240430,SZ
159311.SZ,易方达中证数字经济主题ETF,数字经济ETF易方达,易方达中证数字经济主题交易型开放式指数证券投资基金,931582.CSI,中证数字经济主题指数,20250715,SZ
159312.SZ,广发恒指港股通ETF,恒指港股通ETF广发,广发恒指港股通交易型开放式指数证券投资基金,HSISC.HI,恒指港股通指数,20241108,SZ
159315.SZ,黄金股ETF工银,黄金股ETF工银,工银瑞信中证沪深港黄金产业股票交易型开放式指数证券投资基金,931238.CSI,中证沪深港黄金产业股票指数,20240614,SZ
159316.SZ,易方达恒生港股通创新药ETF,港股通创新药ETF易方达,易方达恒生港股通创新药交易型开放式指数证券投资基金,HSSCID.HI,恒生港股通创新药指数,20250326,SZ
159318.SZ,恒生港股通ETF,恒指港股通ETF银华,银华恒指港股通交易型开放式指数证券投资基金,HSISC.HI,恒指港股通指数,20240621,SZ
159320.SZ,广发恒生A股电网设备ETF,电网设备ETF广发,广发恒生A股电网设备交易型开放式指数证券投资基金,HSCAUPG.HI,恒生A股电网设备指数,20241224,SZ
159321.SZ,华安中证沪深港黄金产业股票ETF,黄金股ETF华安,华安中证沪深港黄金产业股票交易型开放式指数证券投资基金,931238.CSI,中证沪深港黄金产业股票指数,20240527,SZ
159322.SZ,平安中证沪深港黄金产业ETF,黄金股ETF平安,平安中证沪深港黄金产业股票交易型开放式指数证券投资基金,931238.CSI,中证沪深港黄金产业股票指数,20240614,SZ
159323.SZ,华夏中证港股通汽车产业主题ETF,港股通汽车ETF华夏,华夏中证港股通汽车产业主题交易型开放式指数证券投资基金,931239.CSI,中证港股通汽车产业主题指数,20250108,SZ
159325.SZ,南方中证半导体行业精选ETF,半导体ETF南方,南方中证半导体行业精选交易型开放式指数证券投资基金,932066.CSI,中证半导体行业精选指数,20241108,SZ
159326.SZ,华夏中证电网设备主题ETF,电网设备ETF华夏,华夏中证电网设备主题交易型开放式指数证券投资基金,931994.CSI,中证电网设备主题指数,20240909,SZ
159327.SZ,万家中证半导体材料设备主题ETF,半导体设备ETF万家,万家中证半导体材料设备主题交易型开放式指数证券投资基金,931743.CSI,中证半导体材料设备主题指数,20240805,SZ
159328.SZ,易方达中证家电龙头ETF,家电ETF易方达,易方达中证家电龙头交易型开放式指数证券投资基金,931021.CSI,中证家电龙头指数,20241115,SZ
159329.SZ,南方基金南方东英沙特阿拉伯ETF(QDII),沙特ETF南方,南方基金南方东英沙特阿拉伯交易型开放式指数证券投资基金(QDII),FISAULM.OTH,富时沙特阿拉伯指数,20240716,SZ
159330.SZ,沪深300ETF基金,沪深300ETF东财,东财沪深300交易型开放式指数证券投资基金,000300.SH,沪深300指数,20240819,SZ
159331.SZ,国泰中证港股通高股息投资ETF,红利港股ETF国泰,国泰中证港股通高股息投资交易型开放式指数证券投资基金,930914.CSI,中证港股通高股息投资指数,20240801,SZ
159332.SZ,富国中证中央企业红利ETF,央企红利ETF富国,富国中证中央企业红利交易型开放式指数证券投资基金,000825.CSI,中证中央企业红利指数,20240801,SZ
159333.SZ,万家中证港股通央企红利ETF,港股央企红利ETF万家,万家中证港股通央企红利交易型开放式指数证券投资基金,931233.CSI,中证港股通央企红利指数,20240903,SZ
159335.SZ,融通中证诚通央企科技创新ETF,央企科创ETF融通,融通中证诚通央企科技创新交易型开放式指数证券投资基金,932052.CSI,中证诚通央企科技创新指数,20240905,SZ
159336.SZ,融通中证诚通央企红利ETF,央企红利ETF融通,融通中证诚通央企红利交易型开放式指数证券投资基金,931132.CSI,中证诚通央企红利指数,20250212,SZ
159337.SZ,中证500ETF基金,中证500ETF东财,东财中证500交易型开放式指数证券投资基金,000905.SH,中证小盘500指数,20240920,SZ
159338.SZ,国泰中证A500ETF,中证A500ETF国泰,国泰中证A500交易型开放式指数证券投资基金,000510.SH,中证A500指数,20241015,SZ
159339.SZ,A500ETF,A500ETF银华,银华中证A500交易型开放式指数证券投资基金,000510.SH,中证A500指数,20241015,SZ
159350.SZ,富国深证50ETF,深证50ETF富国,富国深证50交易型开放式指数证券投资基金,399850.SZ,深证50指数,20231211,SZ
159351.SZ,嘉实中证A500ETF,A500ETF嘉实,嘉实中证A500交易型开放式指数证券投资基金,000510.SH,中证A500指数,20241015,SZ
159352.SZ,南方中证A500ETF,A500ETF南方,南方中证A500交易型开放式指数证券投资基金,000510.SH,中证A500指数,20241015,SZ
159353.SZ,景顺长城中证A500ETF,中证A500ETF景顺,景顺长城中证A500交易型开放式指数证券投资基金,000510.SH,中证A500指数,20241015,SZ
159355.SZ,华宝中证800红利低波动ETF,800红利低波ETF华宝,华宝中证800红利低波动交易型开放式指数证券投资基金,931848.CSI,中证800红利低波动指数,20241203,SZ
159356.SZ,万家中证A500ETF,A500ETF万家,万家中证A500交易型开放式指数证券投资基金,000510.SH,中证A500指数,20241206,SZ
159357.SZ,博时中证A500ETF,A500ETF博时,博时中证A500交易型开放式指数证券投资基金,000510.SH,中证A500指数,20241128,SZ
159358.SZ,大成中证A500ETF,中证A500ETF大成,大成中证A500交易型开放式指数证券投资基金,000510.SH,中证A500指数,20241129,SZ
159359.SZ,华安中证A500ETF,A500ETF华安,华安中证A500交易型开放式指数证券投资基金,000510.SH,中证A500指数,20241202,SZ
159360.SZ,天弘中证A500ETF,A500ETF天弘,天弘中证A500交易型开放式指数证券投资基金,000510.SH,中证A500指数,20241128,SZ
159361.SZ,易方达中证A500ETF,A500ETF易方达,易方达中证A500交易型开放式指数证券投资基金,000510.SH,中证A500指数,20241119,SZ
159362.SZ,A500ETF工银,A500ETF工银,工银瑞信中证A500交易型开放式指数证券投资基金,000510.SH,中证A500指数,20241202,SZ
159363.SZ,华宝创业板人工智能ETF,创业板人工智能ETF华宝,华宝创业板人工智能交易型开放式指数证券投资基金,970070.SZ,创业板人工智能指数,20241216,SZ
159365.SZ,富国恒指港股通ETF,恒指港股通ETF富国,富国恒指港股通交易型开放式指数证券投资基金,HSISC.HI,恒指港股通指数,20250630,SZ
159366.SZ,港股医疗ETF永赢,港股医疗ETF永赢,永赢中证港股通医疗主题交易型开放式指数证券投资基金,932069.CSI,中证港股通医疗主题指数,20250414,SZ
159367.SZ,华夏创业板50ETF,创业板50ETF华夏,华夏创业板50交易型开放式指数证券投资基金,399673.SZ,创业板50指数,20250214,SZ
159368.SZ,华夏创业板新能源ETF,创业板新能源ETF华夏,华夏创业板新能源交易型开放式指数证券投资基金,399266.SZ,创业板新能源指数,20250324,SZ
159369.SZ,易方达创业板50ETF,创业板50ETF易方达,易方达创业板50交易型开放式指数证券投资基金,399673.SZ,创业板50指数,20250821,SZ
159370.SZ,创50ETF工银,创50ETF工银,工银瑞信创业板50交易型开放式指数证券投资基金,399673.SZ,创业板50指数,20250120,SZ
159371.SZ,富国创业板50ETF,创业板50ETF富国,富国创业板50交易型开放式指数证券投资基金,399673.SZ,创业板50指数,20250212,SZ
159372.SZ,万家创业板50ETF,创业板50ETF万家,万家创业板50交易型开放式指数证券投资基金,399673.SZ,创业板50指数,20250609,SZ
159373.SZ,嘉实创业板50ETF,创业板50ETF嘉实,嘉实创业板50交易型开放式指数证券投资基金,399673.SZ,创业板50指数,20250210,SZ
159375.SZ,国泰创业板50ETF,创业板50ETF国泰,国泰创业板50交易型开放式指数证券投资基金,399673.SZ,创业板50指数,20250110,SZ
159376.SZ,浦银安盛中证A500ETF,A500ETF浦银,浦银安盛中证A500交易型开放式指数证券投资基金,000510.SH,中证A500指数,20250113,SZ
159377.SZ,国泰创业板医药卫生ETF,创业板医药ETF国泰,国泰创业板医药卫生交易型开放式指数证券投资基金,399275.SZ,创业板医药卫生指数,20250415,SZ
159378.SZ,通用航空ETF永赢,通用航空ETF永赢,永赢国证通用航空产业交易型开放式指数证券投资基金,980076.SZ,国证通用航空产业指数,20250110,SZ
159379.SZ,融通中证A500ETF,A500ETF融通,融通中证A500交易型开放式指数证券投资基金,000510.SH,中证A500指数,20250123,SZ
159380.SZ,A500ETF东财,A500ETF东财,东财中证A500交易型开放式指数证券投资基金,000510.SH,中证A500指数,20250108,SZ
159381.SZ,华夏创业板人工智能ETF,创业板人工智能ETF华夏,华夏创业板人工智能交易型开放式指数证券投资基金,970070.SZ,创业板人工智能指数,20250324,SZ
159382.SZ,南方创业板人工智能ETF,创业板人工智能ETF南方,南方创业板人工智能交易型开放式指数证券投资基金,970070.SZ,创业板人工智能指数,20250509,SZ
159383.SZ,华泰柏瑞创业板50ETF,创业板50ETF华泰柏瑞,华泰柏瑞创业板50交易型开放式指数证券投资基金,399673.SZ,创业板50指数,20250214,SZ
159385.SZ,富国中证诚通国企数字经济ETF,数字经济ETF富国,富国中证诚通国企数字经济交易型开放式指数证券投资基金,931529.CSI,中证诚通国企数字经济指数,20250530,SZ
159386.SZ,A500ETF永赢,A500ETF永赢,永赢中证A500交易型开放式指数证券投资基金,000510.SH,中证A500指数,20250211,SZ
159387.SZ,国泰创业板新能源ETF,创业板新能源ETF国泰,国泰创业板新能源交易型开放式指数证券投资基金,399266.SZ,创业板新能源指数,20250610,SZ
159388.SZ,国泰创业板人工智能ETF,创业板人工智能ETF国泰,国泰创业板人工智能交易型开放式指数证券投资基金,970070.SZ,创业板人工智能指数,20250407,SZ
159389.SZ,嘉实中证诚通国企数字经济ETF,数字经济ETF嘉实,嘉实中证诚通国企数字经济交易型开放式指数证券投资基金,931529.CSI,中证诚通国企数字经济指数,20250530,SZ
159390.SZ,国联中证A50ETF,中证A50ETF国联,国联中证A50交易型开放式指数证券投资基金,930050.CSI,中证A50指数,20250409,SZ
159391.SZ,博时国证大盘价值ETF,大盘价值ETF博时,博时国证大盘价值交易型开放式指数证券投资基金,399373.SZ,国证大盘价值指数,20250421,SZ
159392.SZ,富国国证通用航空产业ETF,航空ETF富国,富国国证通用航空产业交易型开放式指数证券投资基金,980076.SZ,国证通用航空产业指数,20250514,SZ
159393.SZ,万家沪深300ETF,沪深300ETF万家,万家沪深300交易型开放式指数证券投资基金,000300.SH,沪深300指数,20250310,SZ
159395.SZ,大成深证基准做市信用债ETF,信用债ETF大成,大成深证基准做市信用债交易型开放式指数证券投资基金,921128.SZ,深证基准做市信用债指数,20250127,SZ
159396.SZ,博时深证基准做市信用债ETF,信用债ETF博时,博时深证基准做市信用债交易型开放式指数证券投资基金,921128.SZ,深证基准做市信用债指数,20250206,SZ
159397.SZ,广发深证基准做市信用债ETF,信用债ETF广发,广发深证基准做市信用债交易型开放式指数证券投资基金,921128.SZ,深证基准做市信用债指数,20250207,SZ
159398.SZ,天弘深证基准做市信用债ETF,信用债ETF天弘,天弘深证基准做市信用债交易型开放式指数证券投资基金,921128.SZ,深证基准做市信用债指数,20250206,SZ
159399.SZ,国泰富时中国A股自由现金流聚焦ETF,现金流ETF国泰,国泰富时中国A股自由现金流聚焦交易型开放式指数证券投资基金,FCFQCD.OTH,富时中国A股自由现金流聚焦指数,20250227,SZ
159400.SZ,景顺长城深证AAA科技创新公司债ETF,科创债ETF景顺,景顺长城深证AAA科技创新公司债交易型开放式指数证券投资基金,921130.SZ,深证AAA科技创新公司债指数,20250717,SZ
159500.SZ,富国中证500ETF,中证500ETF富国,富国中证500交易型开放式指数证券投资基金,000905.SH,中证小盘500指数,20250829,SZ
159501.SZ,嘉实纳斯达克100ETF(QDII),纳指ETF嘉实,嘉实纳斯达克100交易型开放式指数证券投资基金(QDII),NDX.NASDAQ,纳斯达克100指数,20230614,SZ
159502.SZ,嘉实标普生物科技精选行业ETF(QDII),标普生物科技ETF嘉实,嘉实标普生物科技精选行业交易型开放式指数证券投资基金(QDII),SPSIBI.OTH,标普生物科技精选行业指数,20240110,SZ
159505.SZ,博时国证2000ETF,国证2000ETF博时,博时国证2000交易型开放式指数证券投资基金,399303.SZ,国证2000指数,20231204,SZ
159506.SZ,富国恒生港股通创新药及医疗保健ETF,港股通创新药医疗ETF富国,富国恒生港股通创新药及医疗保健交易型开放式指数证券投资基金,HSSCHI.HI,恒生港股通创新药及医疗保健指数,20230703,SZ
159507.SZ,广发国证通信ETF,通信ETF广发,广发国证通信交易型开放式指数证券投资基金,399389.SZ,国证通信指数,20230621,SZ
159508.SZ,华安国证生物医药ETF,生物医药ETF华安,华安国证生物医药交易型开放式指数证券投资基金,399441.SZ,国证生物医药指数,20230714,SZ
159509.SZ,景顺长城纳斯达克科技ETF(QDII),纳指科技ETF景顺,景顺长城纳斯达克科技市值加权交易型开放式指数证券投资基金(QDII),NDXTMC.NASDAQ,纳斯达克科技市值加权指数,20230808,SZ
159510.SZ,华夏中证智选300价值稳健策略ETF,沪深300价值ETF华夏,华夏中证智选300价值稳健策略交易型开放式指数证券投资基金,931586.CSI,中证智选300价值稳健策略指数,20230816,SZ
159511.SZ,南方中证通信服务ETF,通信ETF南方,南方中证通信服务交易型开放式指数证券投资基金,000936.CSI,中证通信服务指数,20230807,SZ
159512.SZ,广发中证全指汽车ETF,汽车ETF广发,广发中证全指汽车交易型开放式指数证券投资基金,931008.CSI,中证全指汽车指数,20230725,SZ
159513.SZ,大成纳斯达克100ETF(QDII),纳斯达克100ETF大成,大成纳斯达克100交易型开放式指数证券投资基金(QDII),NDX.NASDAQ,纳斯达克100指数,20230728,SZ
159515.SZ,鹏扬中证国有企业红利ETF,国企红利ETF鹏扬,鹏扬中证国有企业红利交易型开放式指数证券投资基金,000824.CSI,中证国有企业红利指数,20230906,SZ
159516.SZ,国泰中证半导体材料设备主题ETF,半导体设备ETF国泰,国泰中证半导体材料设备主题交易型开放式指数证券投资基金,931743.CSI,中证半导体材料设备主题指数,20230727,SZ
159517.SZ,800增强ETF,中证800增强ETF银华,银华中证800增强策略交易型开放式指数证券投资基金,000906.SH,中证800指数,20230905,SZ
159518.SZ,嘉实标普石油天然气勘探及生产精选行业ETF(QDII),标普油气ETF嘉实,嘉实标普石油天然气勘探及生产精选行业交易型开放式指数证券投资基金(QDII),SPSIOP.OTH,标普石油与天然气的勘探与生产精选行业指数,20231115,SZ
159519.SZ,国泰中证香港内地国有企业ETF(QDII),港股国企ETF国泰,国泰中证香港内地国有企业交易型开放式指数证券投资基金(QDII),H11153.CSI,中证香港内地国有企业指数,20230831,SZ
159520.SZ,消费龙头ETF工银,消费龙头ETF工银,工银瑞信中证消费龙头交易型开放式指数证券投资基金,931068.CSI,中证消费龙头指数,20231031,SZ
159521.SZ,平安国证2000ETF,国证2000ETF平安,平安国证2000交易型开放式指数证券投资基金,399303.SZ,国证2000指数,20230907,SZ
159523.SZ,华夏中证智选300成长创新策略ETF,沪深300成长ETF华夏,华夏中证智选300成长创新策略交易型开放式指数证券投资基金,931589.CSI,中证智选300成长创新策略指数,20230919,SZ
159525.SZ,富国中证红利低波动ETF,红利低波ETF富国,富国中证红利低波动交易型开放式指数证券投资基金,H30269.CSI,中证红利低波动指数,20240520,SZ
159526.SZ,嘉实中证机器人ETF,机器人ETF嘉实,嘉实中证机器人交易型开放式指数证券投资基金,H30590.CSI,中证机器人指数,20240424,SZ
159527.SZ,广发中证云计算与大数据ETF,云计算ETF广发,广发中证云计算与大数据主题交易型开放式指数证券投资基金,930851.CSI,中证云计算与大数据主题指数,20240201,SZ
159528.SZ,富国中证国有企业改革ETF,国企改革ETF富国,富国中证国有企业改革交易型开放式指数证券投资基金,399974.SZ,中证国有企业改革指数,20240520,SZ
159529.SZ,景顺长城标普消费精选ETF(QDII),标普消费ETF景顺,景顺长城标普消费精选交易型开放式指数证券投资基金(QDII),SP5CSSUP.OTH,标普500消费精选指数,20240202,SZ
159530.SZ,易方达国证机器人产业ETF,机器人ETF易方达,易方达国证机器人产业交易型开放式指数证券投资基金,980022.SZ,国证机器人产业指数,20240118,SZ
159531.SZ,南方中证2000ETF,中证2000ETF南方,南方中证2000交易型开放式指数证券投资基金,932000.CSI,中证2000指数,20230918,SZ
159532.SZ,易方达中证2000ETF,中证2000ETF易方达,易方达中证2000交易型开放式指数证券投资基金,932000.CSI,中证2000指数,20230921,SZ
159533.SZ,博时中证2000ETF,中证2000ETF博时,博时中证2000交易型开放式指数证券投资基金,932000.CSI,中证2000指数,20240607,SZ
159535.SZ,嘉实中证2000ETF,中证2000ETF嘉实,嘉实中证2000交易型开放式指数证券投资基金,932000.CSI,中证2000指数,20230922,SZ
159536.SZ,汇添富中证2000ETF,中证2000ETF汇添富,汇添富中证2000交易型开放式指数证券投资基金,932000.CSI,中证2000指数,20230921,SZ
159537.SZ,国泰国证信息技术创新主题ETF,信创ETF国泰,国泰国证信息技术创新主题交易型开放式指数证券投资基金,CN5075.SZ,国证信息技术创新主题指数,20231010,SZ
159538.SZ,富国国证信息技术创新主题ETF,信创ETF富国,富国国证信息技术创新主题交易型开放式指数证券投资基金,CN5075.SZ,国证信息技术创新主题指数,20230922,SZ
159539.SZ,广发国证信创ETF,信创ETF广发,广发国证信息技术创新主题交易型开放式指数证券投资基金,CN5075.SZ,国证信息技术创新主题指数,20230928,SZ
159540.SZ,易方达国证信息技术创新主题ETF,信创ETF易方达,易方达国证信息技术创新主题交易型开放式指数证券投资基金,CN5075.SZ,国证信息技术创新主题指数,20230928,SZ
159541.SZ,万家创业板综合ETF,创业板综ETF万家,万家创业板综合交易型开放式指数证券投资基金,399102.SZ,创业板综合指数,20231031,SZ
159542.SZ,大成中证工程机械ETF,工程机械ETF大成,大成中证工程机械主题交易型开放式指数证券投资基金,931752.CSI,中证工程机械主题指数,20240607,SZ
159543.SZ,国证2000ETF工银,国证2000ETF工银,工银瑞信国证2000交易型开放式指数证券投资基金,399303.SZ,国证2000指数,20231120,SZ
159545.SZ,易方达恒生港股通高股息低波动ETF,恒生红利低波ETF易方达,易方达恒生港股通高股息低波动交易型开放式指数证券投资基金,HSHYLV.HI,恒生港股通高股息低波动指数,20240415,SZ
159546.SZ,国泰中证全指集成电路ETF,集成电路ETF国泰,国泰中证全指集成电路交易型开放式指数证券投资基金,932087.CSI,中证全指集成电路指数,20231020,SZ
159547.SZ,华夏中证红利低波动ETF,红利低波ETF华夏,华夏中证红利低波动交易型开放式指数证券投资基金,H30269.CSI,中证红利低波动指数,20240206,SZ
159549.SZ,天弘中证红利低波动100ETF,红利低波ETF天弘,天弘中证红利低波动100交易型开放式指数证券投资基金,930955.CSI,中证红利低波动100指数,20231211,SZ
159550.SZ,互联网ETF沪港深,互联网ETF东财,东财中证沪港深互联网交易型开放式指数证券投资基金,930625.CSI,中证沪港深互联网指数,20250627,SZ
159551.SZ,国泰中证机器人ETF,机器人ETF国泰,国泰中证机器人交易型开放式指数证券投资基金,H30590.CSI,中证机器人指数,20231116,SZ
159552.SZ,招商中证2000增强策略ETF,中证2000增强ETF招商,招商中证2000增强策略交易型开放式指数证券投资基金,932000.CSI,中证2000指数,20240628,SZ
159553.SZ,海富通中证2000增强策略ETF,中证2000增强ETF海富通,海富通中证2000增强策略交易型开放式指数证券投资基金,932000.CSI,中证2000指数,20240415,SZ
159555.SZ,2000增强ETF,中证2000增强ETF银华,银华中证2000增强策略交易型开放式指数证券投资基金,932000.CSI,中证2000指数,20231212,SZ
159556.SZ,平安中证2000增强策略ETF,中证2000增强ETF平安,平安中证2000增强策略交易型开放式指数证券投资基金,932000.CSI,中证2000指数,20240110,SZ
159557.SZ,嘉实恒生医疗保健ETF(QDII),恒生医疗ETF嘉实,嘉实恒生医疗保健交易型开放式指数证券投资基金(QDII),HSHCI.HI,恒生医疗保健指数,20240522,SZ
159558.SZ,易方达中证半导体材料设备主题ETF,半导体设备ETF易方达,易方达中证半导体材料设备主题交易型开放式指数证券投资基金,931743.CSI,中证半导体材料设备主题指数,20240618,SZ
159559.SZ,景顺长城国证机器人产业ETF,机器人ETF景顺,景顺长城国证机器人产业交易型开放式指数证券投资基金,980022.SZ,国证机器人产业指数,20231212,SZ
159560.SZ,景顺长城中证芯片产业ETF,芯片ETF景顺,景顺长城中证芯片产业交易型开放式指数证券投资基金,H30007.CSI,中证芯片产业指数,20231120,SZ
159561.SZ,嘉实德国DAXETF(QDII),德国ETF嘉实,嘉实德国DAX交易型开放式指数证券投资基金(QDII),GDAXI.GY,德国法兰克福DAX指数,20240430,SZ
159562.SZ,华夏中证沪深港黄金产业股票ETF,黄金股ETF华夏,华夏中证沪深港黄金产业股票交易型开放式指数证券投资基金,931238.CSI,中证沪深港黄金产业股票指数,20240122,SZ
159563.SZ,华夏创业板综合ETF,创业板综ETF华夏,华夏创业板综合交易型开放式指数证券投资基金,399102.SZ,创业板综合指数,20240223,SZ
159565.SZ,易方达中证汽车零部件主题ETF,汽车零部件ETF易方达,易方达中证汽车零部件主题交易型开放式指数证券投资基金,931230.CSI,中证汽车零部件主题指数,20240226,SZ
159566.SZ,易方达国证新能源电池ETF,储能电池ETF易方达,易方达国证新能源电池交易型开放式指数证券投资基金,980027.SZ,国证新能源电池指数,20240208,SZ
159567.SZ,港股创新药ETF,港股创新药ETF银华,银华国证港股通创新药交易型开放式指数证券投资基金,987018.SZ,国证港股通创新药指数,20240111,SZ
159568.SZ,博时港股通互联网ETF,港股互联网ETF博时,博时中证港股通互联网交易型开放式指数证券投资基金,931637.CSI,中证港股通互联网指数,20240227,SZ
159569.SZ,景顺长城国证港股通红利低波动率ETF,港股红利低波ETF景顺,景顺长城国证港股通红利低波动率交易型开放式指数证券投资基金,987016.SZ,国证港股通红利低波动率指数,20240822,SZ
159570.SZ,汇添富国证港股通创新药ETF,港股通创新药ETF汇添富,汇添富国证港股通创新药交易型开放式指数证券投资基金,987018.SZ,国证港股通创新药指数,20240122,SZ
159571.SZ,富国创业板中盘200ETF,创业板200ETF富国,富国创业板中盘200交易型开放式指数证券投资基金,399019.SZ,创业板中盘200指数,20240102,SZ
159572.SZ,易方达创业板中盘200ETF,创业板200ETF易方达,易方达创业板中盘200交易型开放式指数证券投资基金,399019.SZ,创业板中盘200指数,20231225,SZ
159573.SZ,华夏创业板中盘200ETF,创业板200ETF华夏,华夏创业板中盘200交易型开放式指数证券投资基金,399019.SZ,创业板中盘200指数,20231225,SZ
159575.SZ,创业板200ETF银华,创业板200ETF银华,银华创业板中盘200交易型开放式指数证券投资基金,399019.SZ,创业板中盘200指数,20240102,SZ
159576.SZ,广发深证100ETF,深证100ETF广发,广发深证100交易型开放式指数证券投资基金,399330.SZ,深证100指数,20240103,SZ
159577.SZ,汇添富MSCI美国50ETF,美国50ETF汇添富,汇添富MSCI美国50交易型开放式指数证券投资基金(QDII),750108.MI,MSCI美国50指数,20240223,SZ
159578.SZ,南方深证主板50ETF,深证主板50ETF南方,南方深证主板50交易型开放式指数证券投资基金,399750.SZ,深证主板50指数,20240607,SZ
159581.SZ,万家中证红利ETF,红利ETF万家,万家中证红利交易型开放式指数证券投资基金,000922.CSI,中证红利指数,20240315,SZ
159582.SZ,博时中证半导体产业ETF,半导体ETF博时,博时中证半导体产业交易型开放式指数证券投资基金,931865.CSI,中证半导体产业指数,20240416,SZ
159583.SZ,富国中证通信设备主题ETF,通信ETF富国,富国中证通信设备主题交易型开放式指数证券投资基金,931271.CSI,中证通信设备主题指数,20240708,SZ
159586.SZ,南方中证全指计算机ETF,计算机ETF南方,南方中证全指计算机交易型开放式指数证券投资基金,H30182.CSI,中证全指计算机指数,20240315,SZ
159587.SZ,广发国证粮食产业ETF,粮食ETF广发,广发国证粮食产业交易型开放式指数证券投资基金,399365.SZ,国证粮食产业指数,20240821,SZ
159588.SZ,景顺长城国证石油天然气ETF,石油ETF景顺,景顺长城国证石油天然气交易型开放式指数证券投资基金,399439.SZ,国证石油天然气指数,20240531,SZ
159589.SZ,广发中证红利ETF,红利ETF广发,广发中证红利交易型开放式指数证券投资基金,000922.CSI,中证红利指数,20240326,SZ
159590.SZ,汇添富中证全指软件ETF,软件ETF汇添富,汇添富中证全指软件交易型开放式指数证券投资基金,H30202.CSI,中证全指软件指数,20241106,SZ
159591.SZ,富国中证A50ETF,A50ETF富国,富国中证A50交易型开放式指数证券投资基金,930050.CSI,中证A50指数,20240318,SZ
159592.SZ,A50ETF基金,A50ETF银华,银华中证A50交易型开放式指数证券投资基金,930050.CSI,中证A50指数,20240318,SZ
159593.SZ,平安中证A50ETF,中证A50ETF平安,平安中证A50交易型开放式指数证券投资基金,930050.CSI,中证A50指数,20240312,SZ
159595.SZ,大成中证A50ETF,中证A50ETF大成,大成中证A50交易型开放式指数证券投资基金,930050.CSI,中证A50指数,20240318,SZ
159596.SZ,华宝中证A50ETF,A50ETF华宝,华宝中证A50交易型开放式指数证券投资基金,930050.CSI,中证A50指数,20240318,SZ
159597.SZ,易方达创业板成长ETF,创业板成长ETF易方达,易方达创业板成长交易型开放式指数证券投资基金,399667.SZ,创业板成长指数,20240527,SZ
159599.SZ,芯片ETF基金,芯片ETF东财,东财中证芯片产业交易型开放式指数证券投资基金,H30007.CSI,中证芯片产业指数,20240508,SZ
159600.SZ,嘉实中证AAA科技创新公司债ETF,科创债ETF嘉实,嘉实中证AAA科技创新公司债交易型开放式指数证券投资基金,932160.CSI,中证AAA科技创新公司债指数,20250717,SZ
159601.SZ,华夏MSCI中国A50互联互通ETF,A50ETF华夏,华夏MSCI中国A50互联互通交易型开放式指数证券投资基金,746059.MI,MSCI中国A50互联互通(人民币)指数,20211108,SZ
159602.SZ,南方MSCI中国A50互联互通ETF,中国A50ETF南方,南方MSCI中国A50互联互通交易型开放式指数证券投资基金,746059.MI,MSCI中国A50互联互通(人民币)指数,20211108,SZ
159603.SZ,天弘中证科创创业50ETF,科创创业ETF天弘,天弘中证科创创业50交易型开放式指数证券投资基金,931643.CSI,中证科创创业50指数,20220608,SZ
159605.SZ,广发中证海外中国互联网30(QDII-ETF),中概互联ETF广发,广发中证海外中国互联网30交易型开放式指数证券投资基金(QDII),930604.CSI,中证海外中国互联网30指数,20211202,SZ
159606.SZ,易方达中证500质量成长ETF,中证500成长ETF易方达,易方达中证500质量成长交易型开放式指数证券投资基金,930939.CSI,中证500质量成长指数,20211229,SZ
159607.SZ,嘉实中证海外中国互联网30ETF(QDII),中概互联网ETF嘉实,嘉实中证海外中国互联网30交易型开放式指数证券投资基金(QDII),930604.CSI,中证海外中国互联网30指数,20211202,SZ
159608.SZ,广发中证稀有金属ETF,稀有金属ETF广发,广发中证稀有金属主题交易型开放式指数证券投资基金,930632.CSI,中证稀有金属主题指数,20211223,SZ
159609.SZ,浦银安盛中证光伏产业ETF,光伏ETF浦银,浦银安盛中证光伏产业交易型开放式指数证券投资基金,931151.CSI,中证光伏产业指数,20220708,SZ
159610.SZ,景顺长城中证500增强策略ETF,中证500增强ETF景顺,景顺长城中证500增强策略交易型开放式指数证券投资基金,000905.SH,中证小盘500指数,20220110,SZ
159611.SZ,广发中证全指电力ETF,电力ETF广发,广发中证全指电力公用事业交易型开放式指数证券投资基金,H30199.CSI,中证全指电力公用事业指数,20220107,SZ
159612.SZ,国泰标普500ETF,标普500ETF国泰,国泰标普500交易型开放式指数证券投资基金(QDII),SPX.UN,标普500指数,20220520,SZ
159613.SZ,嘉实中证信息安全主题ETF,信息安全ETF嘉实,嘉实中证信息安全主题交易型开放式指数证券投资基金,399994.SZ,中证信息安全主题指数,20220127,SZ
159615.SZ,南方恒生生物科技ETF(QDII),恒生生物科技ETF南方,南方恒生生物科技交易型开放式指数证券投资基金(QDII),HSBIO.HI,恒生生物科技指数,20220628,SZ
159616.SZ,建信中证农牧主题ETF,农牧ETF建信,建信中证农牧主题交易型开放式指数证券投资基金,931778.CSI,中证农牧主题指数,20220808,SZ
159617.SZ,华夏中证智选500价值稳健策略ETF,中证500价值ETF华夏,华夏中证智选500价值稳健策略交易型开放式指数证券投资基金,931587.CSI,中证智选500价值稳健策略指数,20220630,SZ
159618.SZ,华安中证光伏产业ETF,光伏ETF华安,华安中证光伏产业交易型开放式指数证券投资基金,931151.CSI,中证光伏产业指数,20220422,SZ
159619.SZ,国泰中证基建ETF,基建ETF国泰,国泰中证基建交易型开放式指数证券投资基金,930608.CSI,中证基建指数,20220218,SZ
159620.SZ,华夏中证智选500成长创新策略ETF,中证500成长ETF华夏,华夏中证智选500成长创新策略交易型开放式指数证券投资基金,931590.CSI,中证智选500成长创新策略指数,20220805,SZ
159621.SZ,国泰MSCI中国A股ESG通用ETF,ESGETF国泰,国泰MSCI中国A股ESG通用交易型开放式指数证券投资基金,721638.MI,MSCI中国A股(人民币)ESG通用指数,20220909,SZ
159622.SZ,创新药ETF沪港深,创新药ETF东财,东财中证沪港深创新药产业交易型开放式指数证券投资基金,931409.CSI,中证沪港深创新药产业指数,20230509,SZ
159623.SZ,博时成渝经济圈ETF,成渝经济圈ETF博时,博时中证成渝地区双城经济圈成份交易型开放式指数证券投资基金,931695.CSI,中证成渝地区双城经济圈成份指数,20220909,SZ
159625.SZ,嘉实国证绿色电力ETF,绿色电力ETF嘉实,嘉实国证绿色电力交易型开放式指数证券投资基金,399438.SZ,国证绿色电力指数,20220429,SZ
159627.SZ,华夏中证A100ETF,A100ETF华夏,华夏中证A100交易型开放式指数证券投资基金,000903.SH,中证A100指数,20221130,SZ
159628.SZ,万家国证2000ETF,国证2000ETF万家,万家国证2000交易型开放式指数证券投资基金,399303.SZ,国证2000指数,20220718,SZ
159629.SZ,富国中证1000ETF,中证1000ETF富国,富国中证1000交易型开放式指数证券投资基金,000852.SH,中证1000指数,20220803,SZ
159630.SZ,汇添富中证A100ETF,A100ETF汇添富,汇添富中证A100交易型开放式指数证券投资基金,000903.SH,中证A100指数,20221101,SZ
159631.SZ,招商中证A100ETF,A100ETF招商,招商中证A100交易型开放式指数证券投资基金,000903.SH,中证A100指数,20220826,SZ
159632.SZ,华安纳斯达克100ETF(QDII),纳斯达克ETF华安,华安纳斯达克100交易型开放式指数证券投资基金(QDII),NDX.NASDAQ,纳斯达克100指数,20220803,SZ
159633.SZ,易方达中证1000ETF,中证1000ETF易方达,易方达中证1000交易型开放式指数证券投资基金,000852.SH,中证1000指数,20220804,SZ
159635.SZ,华夏中证基建ETF,基建ETF华夏,华夏中证基建交易型开放式指数证券投资基金,930608.CSI,中证基建指数,20220712,SZ
159636.SZ,港股通科技30ETF工银,港股通科技30ETF工银,工银瑞信国证港股通科技交易型开放式指数证券投资基金,987008.SZ,国证港股通科技指数,20220720,SZ
159637.SZ,新能源车龙头ETF,新能源车ETF东财,东财中证新能源汽车交易型开放式指数证券投资基金,399976.SZ,中证新能源汽车指数,20220901,SZ
159638.SZ,嘉实中证高端装备细分50ETF,高端装备ETF嘉实,嘉实中证高端装备细分50交易型开放式指数证券投资基金,931521.CSI,中证高端装备细分50指数,20220812,SZ
159639.SZ,南方中证上海环交所碳中和ETF,碳中和ETF南方,南方中证上海环交所碳中和交易型开放式指数证券投资基金,931755.CSI,中证上海环交所碳中和指数,20220719,SZ
159640.SZ,碳中和龙头ETF工银,碳中和龙头ETF工银,工银瑞信中证上海环交所碳中和交易型开放式指数证券投资基金,931755.CSI,中证上海环交所碳中和指数,20220721,SZ
159641.SZ,招商中证上海环交所碳中和ETF,碳中和ETF招商,招商中证上海环交所碳中和交易型开放式指数证券投资基金,931755.CSI,中证上海环交所碳中和指数,20220722,SZ
159642.SZ,大成中证上海环交所碳中和ETF,碳中和ETF大成,大成中证上海环交所碳中和交易型开放式指数证券投资基金,931755.CSI,中证上海环交所碳中和指数,20220721,SZ
159643.SZ,国泰国证疫苗与生物科技ETF,疫苗ETF国泰,国泰国证疫苗与生物科技交易型开放式指数证券投资基金,980015.SZ,国证疫苗与生物科技指数,20220822,SZ
159645.SZ,富国国证疫苗与生物科技ETF,疫苗ETF富国,富国国证疫苗与生物科技交易型开放式指数证券投资基金,980015.SZ,国证疫苗与生物科技指数,20220926,SZ
159647.SZ,中药ETF,中药ETF鹏华,鹏华中证中药交易型开放式指数证券投资基金,930641.CSI,中证中药指数,20220728,SZ
159649.SZ,华安中债1-5年国开行债券ETF,国开债ETF华安,华安中债1-5年国开行债券交易型开放式指数证券投资基金,CBA08303.OTH,中债-1-5年国开行债券指数(全价),20221024,SZ
159650.SZ,博时中债0-3年国开行ETF,国开债ETF博时,博时中债0-3年国开行债券交易型开放式指数证券投资基金,CBA11901.OTH,中债-0-3年国开行债券指数,20221028,SZ
159651.SZ,平安中债-0-3年国开行债券ETF,国开债ETF平安,平安中债-0-3年国开行债券交易型开放式指数证券投资基金,CBA11901.OTH,中债-0-3年国开行债券指数,20221116,SZ
159652.SZ,汇添富中证细分有色金属产业主题ETF,有色ETF汇添富,汇添富中证细分有色金属产业主题交易型开放式指数证券投资基金,000811.CSI,中证细分有色金属产业主题指数,20230208,SZ
159653.SZ,国联安ESG300ETF,ESG300ETF国联安,国联安国证ESG300交易型开放式指数证券投资基金,399378.SZ,国证ESG300指数,20230324,SZ
159655.SZ,华夏标普500ETF(QDII),标普500ETF华夏,华夏标普500交易型开放式指数证券投资基金(QDII),SPX.UN,标普500指数,20221025,SZ
159656.SZ,万家沪深300成长ETF,沪深300成长ETF万家,万家沪深300成长交易型开放式指数证券投资基金,000918.CSI,沪深300成长指数,20230116,SZ
159657.SZ,生物疫苗ETF,疫苗ETF鹏华,鹏华国证疫苗与生物科技交易型开放式指数证券投资基金,980015.SZ,国证疫苗与生物科技指数,20230313,SZ
159658.SZ,华安中证数字经济主题ETF,数字经济ETF华安,华安中证数字经济主题交易型开放式指数证券投资基金,931582.CSI,中证数字经济主题指数,20221012,SZ
159659.SZ,招商纳斯达克100ETF(QDII),纳斯达克100ETF招商,招商纳斯达克100交易型开放式指数证券投资基金(QDII),NDX.NASDAQ,纳斯达克100指数,20230425,SZ
159660.SZ,汇添富纳斯达克100ETF,纳指ETF汇添富,汇添富纳斯达克100交易型开放式指数证券投资基金(QDII),NDX.NASDAQ,纳斯达克100指数,20230417,SZ
159661.SZ,嘉实中证A100ETF,A100ETF嘉实,嘉实中证A100交易型开放式指数证券投资基金,000903.SH,中证A100指数,20231201,SZ
159662.SZ,南方国证交通运输行业ETF,交运ETF南方,南方国证交通运输行业交易型开放式指数证券投资基金,399433.SZ,国证交通运输行业指数,20221201,SZ
159663.SZ,华夏中证机床ETF,机床ETF华夏,华夏中证机床交易型开放式指数证券投资基金,931866.CSI,中证机床指数,20221026,SZ
159665.SZ,半导体龙头ETF工银,半导体龙头ETF工银,工银瑞信国证半导体芯片交易型开放式指数证券投资基金,980017.SZ,国证半导体芯片指数,20230106,SZ
159666.SZ,华夏中证全指运输ETF,交通运输ETF华夏,华夏中证全指运输交易型开放式指数证券投资基金,H30171.CSI,中证全指运输指数,20230213,SZ
159667.SZ,国泰中证机床ETF,工业母机ETF国泰,国泰中证机床交易型开放式指数证券投资基金,931866.CSI,中证机床指数,20221026,SZ
159669.SZ,国泰国证绿色电力ETF,绿色电力ETF国泰,国泰国证绿色电力交易型开放式指数证券投资基金,399438.SZ,国证绿色电力指数,20230111,SZ
159670.SZ,国联安消费50ETF,消费50ETF国联安,国联安中证消费50交易型开放式指数证券投资基金,931139.CSI,中证消费50指数,20230509,SZ
159671.SZ,稀有金属ETF工银,稀有金属ETF工银,工银瑞信中证稀有金属主题交易型开放式指数证券投资基金,930632.CSI,中证稀有金属主题指数,20230310,SZ
159672.SZ,博时主要消费ETF,消费ETF博时,博时中证主要消费交易型开放式指数证券投资基金,000932.SH,中证主要消费指数,20230403,SZ
159673.SZ,鹏华沪深300ETF,沪深300ETF鹏华,鹏华沪深300交易型开放式指数证券投资基金,000300.SH,沪深300指数,20230717,SZ
159675.SZ,嘉实创业板增强策略ETF,创业板增强ETF嘉实,嘉实创业板增强策略交易型开放式指数证券投资基金,399006.SZ,创业板指数,20221202,SZ
159676.SZ,富国创业板增强策略ETF,创业板增强ETF富国,富国创业板增强策略交易型开放式指数证券投资基金,399006.SZ,创业板指数,20230412,SZ
159677.SZ,1000增强ETF,中证1000增强ETF银华,银华中证1000增强策略交易型开放式指数证券投资基金,000852.SH,中证1000指数,20221205,SZ
159678.SZ,博时中证500增强ETF,500增强ETF博时,博时中证500增强策略交易型开放式指数证券投资基金,000905.SH,中证小盘500指数,20230227,SZ
159679.SZ,国泰中证1000增强策略ETF,中证1000增强ETF国泰,国泰中证1000增强策略交易型开放式指数证券投资基金,000852.SH,中证1000指数,20230222,SZ
159680.SZ,招商中证1000增强策略ETF,中证1000增强ETF招商,招商中证1000增强策略交易型开放式指数证券投资基金,000852.SH,中证1000指数,20221130,SZ
159681.SZ,创50ETF,创业板50ETF鹏华,鹏华创业板50交易型开放式指数证券投资基金,399673.SZ,创业板50指数,20230103,SZ
159682.SZ,景顺长城创业板50ETF,创业板50ETF景顺,景顺长城创业板50交易型开放式指数证券投资基金,399673.SZ,创业板50指数,20230103,SZ
159685.SZ,天弘中证1000增强策略ETF,1000增强ETF天弘,天弘中证1000增强策略交易型开放式指数证券投资基金,000852.SH,中证1000指数,20230403,SZ
159686.SZ,易方达中证A100ETF,A100ETF易方达,易方达中证A100交易型开放式指数证券投资基金,000903.SH,中证A100指数,20230719,SZ
159687.SZ,南方基金南方东英富时亚太精选ETF(QDII),亚太精选ETF南方,南方基金南方东英富时亚太精选交易型开放式指数证券投资基金(QDII),GPCSP006.OTH,富时亚太精选指数,20221230,SZ
159688.SZ,华安恒生互联网科技业ETF(QDII),恒生互联网ETF华安,华安恒生互联网科技业交易型开放式指数证券投资基金(QDII),HSIII.HI,恒生互联网科技业指数,20230215,SZ
159689.SZ,南方中证主要消费ETF,消费ETF南方,南方中证主要消费交易型开放式指数证券投资基金,000932.SH,中证主要消费指数,20230313,SZ
159690.SZ,招商中证有色金属矿业主题ETF,有色矿业ETF招商,招商中证有色金属矿业主题交易型开放式指数证券投资基金,931892.CSI,中证有色金属矿业主题指数,20230706,SZ
159691.SZ,港股红利ETF工银,港股红利ETF工银,工银瑞信中证港股通高股息精选交易型开放式指数证券投资基金,930839.CSI,中证港股通高股息精选指数,20230421,SZ
159692.SZ,证券ETF东财,证券ETF东财,东财中证证券公司30交易型开放式指数证券投资基金,931412.CSI,中证证券公司30指数,20230523,SZ
159695.SZ,嘉实国证通信ETF,通信ETF嘉实,嘉实国证通信交易型开放式指数证券投资基金,399389.SZ,国证通信指数,20230510,SZ
159696.SZ,易方达纳斯达克100ETF(QDII),纳指ETF易方达,易方达纳斯达克100交易型开放式指数证券投资基金(QDII),NDX.NASDAQ,纳斯达克100指数,20230825,SZ
159697.SZ,油气ETF,石油ETF鹏华,鹏华国证石油天然气交易型开放式指数证券投资基金,399439.SZ,国证石油天然气指数,20230504,SZ
159698.SZ,粮食ETF,粮食ETF鹏华,鹏华国证粮食产业交易型开放式指数证券投资基金,399365.SZ,国证粮食产业指数,20230818,SZ
159699.SZ,广发恒生消费(QDII-ETF),恒生消费ETF广发,广发恒生消费交易型开放式指数证券投资基金(QDII),HSCGSI.HI,恒生消费指数,20230823,SZ
159700.SZ,南方中证AAA科技创新公司债ETF,科创债ETF南方,南方中证AAA科技创新公司债交易型开放式指数证券投资基金,932160.CSI,中证AAA科技创新公司债指数,20250717,SZ
159701.SZ,招商中证物联网主题ETF,物联网ETF招商,招商中证物联网主题交易型开放式指数证券投资基金,930712.CSI,中证物联网主题指数,20211223,SZ
159703.SZ,天弘中证新材料主题ETF,新材料ETF天弘,天弘中证新材料主题交易型开放式指数证券投资基金,H30597.CSI,中证新材料主题指数,20210608,SZ
159706.SZ,深证100ETF华安,深证100ETF华安,华安深证100交易型开放式指数证券投资基金,399330.SZ,深证100指数,20211220,SZ
159707.SZ,华宝中证800地产ETF,地产ETF华宝,华宝中证800地产交易型开放式指数证券投资基金,399965.SZ,中证800地产指数,20211112,SZ
159708.SZ,红利ETF,红利ETF西部利得,西部利得深证红利交易型开放式指数证券投资基金,399324.SZ,深证红利指数,20210702,SZ
159709.SZ,物联网ETF工银,物联网ETF工银,工银瑞信深证物联网50交易型开放式指数证券投资基金,399285.SZ,深证物联网50指数,20210702,SZ
159711.SZ,华夏中证港股通50ETF,港股通50ETF华夏,华夏中证港股通50交易型开放式指数证券投资基金,930931.CSI,中证港股通50指数,20211228,SZ
159712.SZ,国泰中证港股通50ETF,港股通50ETF国泰,国泰中证港股通50交易型开放式指数证券投资基金,930931.CSI,中证港股通50指数,20211111,SZ
159713.SZ,富国中证稀土产业ETF,稀土ETF富国,富国中证稀土产业交易型开放式指数证券投资基金,930598.CSI,中证稀土产业指数,20210816,SZ
159715.SZ,易方达中证稀土产业ETF,稀土ETF易方达,易方达中证稀土产业交易型开放式指数证券投资基金,930598.CSI,中证稀土产业指数,20210910,SZ
159716.SZ,华宝深证100ETF,深证100ETF华宝,华宝深证100交易型开放式指数证券投资基金,399330.SZ,深证100指数,20210628,SZ
159717.SZ,ESGETF,ESGETF鹏华,鹏华国证ESG300交易型开放式指数证券投资基金,399378.SZ,国证ESG300指数,20210929,SZ
159718.SZ,平安中证港股医药ETF,港股医药ETF平安,平安中证港股通医药卫生综合交易型开放式指数证券投资基金,930965.CSI,中证港股通医药卫生综合指数,20211228,SZ
159719.SZ,平安富时中国国企开放共赢ETF,国企ETF平安,平安富时中国国企开放共赢交易型开放式指数证券投资基金,GPCCH003.OTH,富时中国国企开放共赢指数,20211228,SZ
159720.SZ,智能车TK,智能车ETF泰康,泰康中证智能电动汽车交易型开放式指数证券投资基金,H11052.CSI,中证智能电动汽车指数,20210720,SZ
159721.SZ,深证100ETF永赢,深证100ETF永赢,永赢深证100交易型开放式指数证券投资基金,399330.SZ,深证100指数,20210625,SZ
159723.SZ,汇添富中证沪港深科技龙头ETF,科技龙头ETF汇添富,汇添富中证沪港深科技龙头交易型开放式指数证券投资基金,931524.CSI,中证沪港深科技龙头指数,20211015,SZ
159725.SZ,线上消费ETF工银,线上消费ETF工银,工银瑞信中证线上消费主题交易型开放式指数证券投资基金,931480.CSI,中证线上消费主题指数,20210702,SZ
159726.SZ,华夏恒生港股通中国内地企业高股息率ETF,港股通高股息ETF华夏,华夏恒生港股通中国内地企业高股息率交易型开放式指数证券投资基金,HSMCHYI.HI,恒生港股通中国内地企业高股息率指数,20211123,SZ
159728.SZ,南方国证在线消费ETF,在线消费ETF南方,南方国证在线消费交易型开放式指数证券投资基金,399361.SZ,国证在线消费指数,20220111,SZ
159729.SZ,汇添富中证沪港深互联网ETF,互联网ETF汇添富,汇添富中证沪港深互联网交易型开放式指数证券投资基金,930625.CSI,中证沪港深互联网指数,20210721,SZ
159730.SZ,博时龙头家电ETF,家电ETF博时,博时国证龙头家电交易型开放式指数证券投资基金,980028.SZ,国证龙头家电指数,20211224,SZ
159731.SZ,华夏中证石化产业ETF,石化ETF华夏,华夏中证石化产业交易型开放式指数证券投资基金,H11057.CSI,中证石化产业指数,20211210,SZ
159732.SZ,华夏国证消费电子主题ETF,消费电子ETF华夏,华夏国证消费电子主题交易型开放式指数证券投资基金,980030.SZ,国证消费电子主题指数,20210823,SZ
159735.SZ,港股消费,港股消费ETF银华,银华中证港股通消费主题交易型开放式指数证券投资基金,931454.CSI,中证港股通消费主题指数,20210604,SZ
159736.SZ,天弘中证食品饮料ETF,食品饮料ETF天弘,天弘中证食品饮料交易型开放式指数证券投资基金,930653.CSI,中证食品饮料指数,20210927,SZ
159738.SZ,华泰柏瑞中证沪港深云计算产业ETF,云计算ETF华泰柏瑞,华泰柏瑞中证沪港深云计算产业交易型开放式指数证券投资基金,931470.CSI,中证沪港深云计算产业指数,20220128,SZ
159739.SZ,大数据ETF,云计算ETF鹏华,鹏华中证云计算与大数据主题交易型开放式指数证券投资基金,930851.CSI,中证云计算与大数据主题指数,20211117,SZ
159740.SZ,大成恒生科技ETF(QDII),恒生科技ETF大成,大成恒生科技交易型开放式指数证券投资基金(QDII),HSTECH.HI,恒生科技指数,20210527,SZ
159741.SZ,嘉实恒生科技ETF(QDII),恒生科技ETF嘉实,嘉实恒生科技交易型开放式指数证券投资基金(QDII),HSTECH.HI,恒生科技指数,20210603,SZ
159742.SZ,博时恒生科技ETF(QDII),恒生科技ETF博时,博时恒生科技交易型开放式指数证券投资基金(QDII),HSTECH.HI,恒生科技指数,20210525,SZ
159743.SZ,博时湖北新旧动能转换ETF,湖北ETF博时,博时中证湖北新旧动能转换交易型开放式指数证券投资基金,931393.CSI,中证湖北新旧动能转换指数,20220111,SZ
159745.SZ,国泰中证全指建筑材料ETF,建材ETF国泰,国泰中证全指建筑材料交易型开放式指数证券投资基金,931009.CSI,中证全指建筑材料指数,20210618,SZ
159747.SZ,南方中证香港科技ETF(QDII),香港科技ETF南方,南方中证香港科技交易型开放式指数证券投资基金(QDII),931574.CSI,中证香港科技指数,20210714,SZ
159748.SZ,富国中证沪港深创新药产业ETF,创新药ETF富国,富国中证沪港深创新药产业交易型开放式指数证券投资基金,931409.CSI,中证沪港深创新药产业指数,20211203,SZ
159750.SZ,招商中证香港科技ETF(QDII),港股科技50ETF招商,招商中证香港科技交易型开放式指数证券投资基金(QDII),931574.CSI,中证香港科技指数,20220214,SZ
159751.SZ,港股科技ETF,港股通科技ETF鹏华,鹏华中证港股通科技交易型开放式指数证券投资基金,931573.CSI,中证港股通科技指数,20211228,SZ
159752.SZ,申万菱信中证内地新能源主题ETF,新能源ETF申万菱信,申万菱信中证内地新能源主题交易型开放式指数证券投资基金,000941.CSI,中证内地新能源主题指数,20210728,SZ
159755.SZ,广发国证新能源车电池ETF,电池ETF广发,广发国证新能源车电池交易型开放式指数证券投资基金,980032.SZ,国证新能源车电池指数,20210624,SZ
159757.SZ,景顺长城国证新能源车电池ETF,电池ETF景顺,景顺长城国证新能源车电池交易型开放式指数证券投资基金,980032.SZ,国证新能源车电池指数,20210809,SZ
159758.SZ,华夏中证红利质量ETF,红利质量ETF华夏,华夏中证红利质量交易型开放式指数证券投资基金,931468.CSI,中证红利质量指数,20211228,SZ
159760.SZ,医疗健康,医疗健康ETF泰康,泰康国证公共卫生与医疗健康交易型开放式指数证券投资基金,980016.SZ,国证公共卫生与医疗健康指数,20211220,SZ
159761.SZ,国泰中证新材料主题ETF,新材料ETF国泰,国泰中证新材料主题交易型开放式指数证券投资基金,H30597.CSI,中证新材料主题指数,20211213,SZ
159763.SZ,建信中证新材料主题ETF,新材料ETF建信,建信中证新材料主题交易型开放式指数证券投资基金,H30597.CSI,中证新材料主题指数,20210913,SZ
159766.SZ,富国中证旅游主题ETF,旅游ETF富国,富国中证旅游主题交易型开放式指数证券投资基金,930633.CSI,中证旅游主题指数,20210723,SZ
159767.SZ,兴银国证新能源车电池ETF,电池龙头ETF兴银,兴银国证新能源车电池交易型开放式指数证券投资基金,980032.SZ,国证新能源车电池指数,20210823,SZ
159768.SZ,房地产ETF,房地产ETF银华,银华中证内地地产主题交易型开放式指数证券投资基金,000948.CSI,中证内地地产主题指数,20220216,SZ
159770.SZ,天弘中证机器人ETF,机器人ETF天弘,天弘中证机器人交易型开放式指数证券投资基金,H30590.CSI,中证机器人指数,20211108,SZ
159773.SZ,华泰柏瑞创业板科技ETF,创业板科技ETF华泰柏瑞,华泰柏瑞创业板科技交易型开放式指数证券投资基金,399276.SZ,创业板科技指数,20211008,SZ
159775.SZ,建信国证新能源车电池ETF,电池ETF建信,建信国证新能源车电池交易型开放式指数证券投资基金,980032.SZ,国证新能源车电池指数,20220124,SZ
159776.SZ,港股通医药ETF,港股医药ETF银华,银华中证港股通医药卫生综合交易型开放式指数证券投资基金,930965.CSI,中证港股通医药卫生综合指数,20220325,SZ
159777.SZ,国联安创科技ETF,创科技ETF国联安,国联安创业板科技交易型开放式指数证券投资基金,399276.SZ,创业板科技指数,20211018,SZ
159778.SZ,工业互联ETF,工业互联网ETF鹏华,鹏华中证工业互联网主题交易型开放式指数证券投资基金,931495.CSI,中证工业互联网主题指数,20220217,SZ
159779.SZ,招商中证消费电子主题ETF,消费电子ETF招商,招商中证消费电子主题交易型开放式指数证券投资基金,931494.CSI,中证消费电子主题指数,20211126,SZ
159780.SZ,南方中证科创创业50ETF,科创创业50ETF南方,南方中证科创创业50交易型开放式指数证券投资基金,931643.CSI,中证科创创业50指数,20210705,SZ
159781.SZ,易方达中证科创创业50ETF,科创创业ETF易方达,易方达中证科创创业50交易型开放式指数证券投资基金,931643.CSI,中证科创创业50指数,20210705,SZ
159782.SZ,双创50,双创50ETF银华,银华中证科创创业50交易型开放式指数证券投资基金,931643.CSI,中证科创创业50指数,20210707,SZ
159783.SZ,华夏中证科创创业50ETF,科创创业50ETF华夏,华夏中证科创创业50交易型开放式指数证券投资基金,931643.CSI,中证科创创业50指数,20210705,SZ
159786.SZ,VRETF,VRETF银华,银华中证虚拟现实主题交易型开放式指数证券投资基金,930821.CSI,中证虚拟现实主题指数,20210806,SZ
159787.SZ,易方达中证全指建筑材料ETF,建材ETF易方达,易方达中证全指建筑材料交易型开放式指数证券投资基金,931009.CSI,中证全指建筑材料指数,20220315,SZ
159788.SZ,易方达中证港股通中国100ETF,港股通100ETF易方达,易方达中证港股通中国100交易型开放式指数证券投资基金,930957.CSI,中证港股通中国100指数,20220302,SZ
159790.SZ,华夏中证内地低碳经济主题ETF,碳中和ETF华夏,华夏中证内地低碳经济主题交易型开放式指数证券投资基金,000977.CSI,中证内地低碳经济主题指数,20210806,SZ
159791.SZ,华夏沪深300ESG基准ETF,300ESGETF华夏,华夏沪深300ESG基准交易型开放式指数证券投资基金,931463.CSI,沪深300ESG基准指数,20220308,SZ
159792.SZ,富国中证港股通互联网ETF,港股通互联网ETF富国,富国中证港股通互联网交易型开放式指数证券投资基金,931637.CSI,中证港股通互联网指数,20210928,SZ
159793.SZ,平安中证沪港深线上消费主题ETF,线上消费ETF平安,平安中证沪港深线上消费主题交易型开放式指数证券投资基金,931481.CSI,中证沪港深线上消费主题指数,20211124,SZ
159795.SZ,汇添富中证智能汽车主题ETF,智能汽车ETF汇添富,汇添富中证智能汽车主题交易型开放式指数证券投资基金,930721.CSI,中证智能汽车主题指数,20220214,SZ
159796.SZ,汇添富中证电池主题ETF,电池ETF汇添富,汇添富中证电池主题交易型开放式指数证券投资基金,931719.CSI,中证电池主题指数,20220314,SZ
159797.SZ,汇添富中证全指医疗器械ETF,医疗器械ETF汇添富,汇添富中证全指医疗器械交易型开放式指数证券投资基金,H30217.CSI,中证全指医疗器械指数,20220516,SZ
159798.SZ,易方达中证消费50ETF,消费ETF易方达,易方达中证消费50交易型开放式指数证券投资基金,931139.CSI,中证消费50指数,20220511,SZ
159800.SZ,鹏华中证800ETF,中证800ETF鹏华,鹏华中证800交易型开放式指数证券投资基金,000906.SH,中证800指数,20240712,SZ
159801.SZ,广发国证半导体芯片ETF,芯片ETF广发,广发国证半导体芯片交易型开放式指数证券投资基金,980017.SZ,国证半导体芯片指数,20200218,SZ
159804.SZ,国寿安保创精选88ETF,创中盘88ETF国寿,国寿安保国证创业板中盘精选88交易型开放式指数证券投资基金,399291.SZ,国证创业板中盘精选88指数,20200331,SZ
159805.SZ,传媒ETF,传媒ETF鹏华,鹏华中证传媒交易型开放式指数证券投资基金,399971.SZ,中证传媒指数,20200417,SZ
159806.SZ,国泰中证新能源汽车ETF,新能源车ETF国泰,国泰中证新能源汽车交易型开放式指数证券投资基金,399976.SZ,中证新能源汽车指数,20200320,SZ
159807.SZ,易方达中证科技50ETF,科技ETF易方达,易方达中证科技50交易型开放式指数证券投资基金,931380.CSI,中证科技50指数,20200330,SZ
159808.SZ,融通创业板ETF,创100ETF融通,融通创业板交易型开放式指数证券投资基金,399006.SZ,创业板指数,20200904,SZ
159810.SZ,浦银安盛创业板ETF,创业板ETF浦银,浦银安盛创业板交易型开放式指数证券投资基金,399006.SZ,创业板指数,20200710,SZ
159811.SZ,博时5G50ETF,5GETF博时,博时中证5G产业50交易型开放式指数证券投资基金,931406.CSI,中证5G产业50指数,20200422,SZ
159812.SZ,前海开源黄金ETF,黄金ETF前海开源,前海开源黄金交易型开放式证券投资基金,Au99.99.SGE,黄金9999,20200529,SZ
159813.SZ,芯片,半导体ETF鹏华,鹏华国证半导体芯片交易型开放式指数证券投资基金,980017.SZ,国证半导体芯片指数,20200525,SZ
159814.SZ,西部利得创业板大盘ETF,创业大盘ETF西部利得,西部利得创业板大盘交易型开放式指数证券投资基金,399293.SZ,创业板大盘指数,20200717,SZ
159816.SZ,0-4地债,0-4年地方债ETF鹏华,鹏华中证0-4年期地方政府债交易型开放式指数证券投资基金,931161.CSI,中证0-4年期地方政府债指数,20200904,SZ
159819.SZ,易方达中证人工智能主题ETF,人工智能ETF易方达,易方达中证人工智能主题交易型开放式指数证券投资基金,930713.CSI,中证人工智能主题指数,20200923,SZ
159820.SZ,天弘中证500ETF,中证500ETF天弘,天弘中证500交易型开放式指数证券投资基金,000905.SH,中证小盘500指数,20200824,SZ
159821.SZ,BOCI创业,创业板ETF中银证券,中银证券创业板交易型开放式指数证券投资基金,399006.SZ,创业板指数,20201029,SZ
159822.SZ,新经济,新经济ETF银华,银华工银南方东英标普中国新经济行业交易型开放式指数证券投资基金(QDII),SPNCSCHN.OTH,标普新中国行业(A股上限)指数,20201023,SZ
159824.SZ,博时新能源汽车ETF,新能源车ETF博时,博时中证新能源汽车交易型开放式指数证券投资基金,399976.SZ,中证新能源汽车指数,20210111,SZ
159825.SZ,富国中证农业主题ETF,农业ETF富国,富国中证农业主题交易型开放式指数证券投资基金,000949.CSI,中证农业主题指数,20201229,SZ
159827.SZ,农业50,农业ETF银华,银华中证农业主题交易型开放式指数证券投资基金,000949.CSI,中证农业主题指数,20201218,SZ
159828.SZ,国泰中证医疗ETF,医疗ETF国泰,国泰中证医疗交易型开放式指数证券投资基金,399989.SZ,中证医疗指数,20210112,SZ
159830.SZ,天弘上海金ETF,金ETF天弘,天弘上海金交易型开放式证券投资基金,SHAU.SGE,黄金集中定价(SHAU合约),20210719,SZ
159831.SZ,嘉实上海金ETF,金ETF嘉实,嘉实上海金交易型开放式证券投资基金,SHAU.SGE,黄金集中定价(SHAU合约),20220407,SZ
159834.SZ,南方上海金ETF,金ETF南方,南方上海金交易型开放式证券投资基金,SHAU.SGE,黄金集中定价(SHAU合约),20220316,SZ
159835.SZ,建信中证创新药产业ETF,创新药ETF建信,建信中证创新药产业交易型开放式指数证券投资基金,931152.CSI,中证创新药产业指数,20210329,SZ
159836.SZ,天弘创业板300ETF,创业板300ETF天弘,天弘创业板300交易型开放式指数证券投资基金,399012.SZ,创业板300指数,20210525,SZ
159837.SZ,易方达中证生物科技主题ETF,生物科技ETF易方达,易方达中证生物科技主题交易型开放式指数证券投资基金,930743.CSI,中证生物科技主题指数,20210127,SZ
159838.SZ,博时医药50ETF,医药50ETF博时,博时中证医药50交易型开放式指数证券投资基金,931140.CSI,中证医药50指数,20210730,SZ
159839.SZ,汇添富国证生物医药ETF,生物医药ETF汇添富,汇添富国证生物医药交易型开放式指数证券投资基金,399441.SZ,国证生物医药指数,20210222,SZ
159840.SZ,锂电池ETF工银,锂电池ETF工银,工银瑞信国证新能源车电池交易型开放式指数证券投资基金,980032.SZ,国证新能源车电池指数,20210820,SZ
159841.SZ,天弘中证全指证券公司ETF,证券ETF天弘,天弘中证全指证券公司交易型开放式指数证券投资基金,399975.SZ,中证全指证券公司指数,20210209,SZ
159842.SZ,券商ETF,券商ETF银华,银华中证全指证券公司交易型开放式指数证券投资基金,399975.SZ,中证全指证券公司指数,20210319,SZ
159843.SZ,招商国证食品饮料ETF,食品饮料ETF招商,招商国证食品饮料行业交易型开放式指数证券投资基金,399396.SZ,国证食品饮料行业指数,20210205,SZ
159845.SZ,华夏中证1000ETF,中证1000ETF华夏,华夏中证1000交易型开放式指数证券投资基金,000852.SH,中证1000指数,20210331,SZ
159847.SZ,易方达中证医疗ETF,医疗ETF易方达,易方达中证医疗交易型开放式指数证券投资基金,399989.SZ,中证医疗指数,20210719,SZ
159848.SZ,国联安证券ETF,证券ETF国联安,国联安中证全指证券公司交易型开放式指数证券投资基金,399975.SZ,中证全指证券公司指数,20210312,SZ
159849.SZ,招商中证生物科技主题ETF,生物科技ETF招商,招商中证生物科技主题交易型开放式指数证券投资基金,930743.CSI,中证生物科技主题指数,20210302,SZ
159850.SZ,华夏恒生中国企业ETF(QDII),恒生国企ETF华夏,华夏恒生中国企业交易型开放式指数证券投资基金(QDII),HSCEI.HI,恒生中国企业指数,20210219,SZ
159851.SZ,华宝中证金融科技主题ETF,金融科技ETF华宝,华宝中证金融科技主题交易型开放式指数证券投资基金,930986.CSI,中证金融科技主题指数,20210319,SZ
159852.SZ,嘉实中证软件服务ETF,软件ETF嘉实,嘉实中证软件服务交易型开放式指数证券投资基金,930601.CSI,中证软件服务指数,20210209,SZ
159855.SZ,影视ETF,影视ETF银华,银华中证影视主题交易型开放式指数证券投资基金,930781.CSI,中证影视主题指数,20210226,SZ
159856.SZ,互联网龙头ETF工银,互联网龙头ETF工银,工银瑞信中证沪港深互联网交易型开放式指数证券投资基金,930625.CSI,中证沪港深互联网指数,20210201,SZ
159857.SZ,天弘中证光伏产业ETF,光伏ETF天弘,天弘中证光伏产业交易型开放式指数证券投资基金,931151.CSI,中证光伏产业指数,20210224,SZ
159858.SZ,南方中证创新药产业ETF,创新药ETF南方,南方中证创新药产业交易型开放式指数证券投资基金,931152.CSI,中证创新药产业指数,20210325,SZ
159859.SZ,天弘国证生物医药ETF,生物医药ETF天弘,天弘国证生物医药交易型开放式指数证券投资基金,399441.SZ,国证生物医药指数,20210707,SZ
159861.SZ,国泰中证环保产业50ETF,碳中和50ETF国泰,国泰中证环保产业50交易型开放式指数证券投资基金,930614.CSI,中证环保产业50指数,20210402,SZ
159862.SZ,食品ETF,食品饮料ETF银华,银华中证细分食品饮料产业主题交易型开放式指数证券投资基金,000815.CSI,中证细分食品饮料产业主题指数,20211108,SZ
159863.SZ,光伏产业,光伏ETF鹏华,鹏华中证光伏产业交易型开放式指数证券投资基金,931151.CSI,中证光伏产业指数,20210311,SZ
159864.SZ,国泰中证光伏产业ETF,光伏ETF国泰,国泰中证光伏产业交易型开放式指数证券投资基金,931151.CSI,中证光伏产业指数,20210810,SZ
159865.SZ,国泰中证畜牧养殖ETF,养殖ETF国泰,国泰中证畜牧养殖交易型开放式指数证券投资基金,930707.CSI,中证畜牧养殖指数,20210308,SZ
159866.SZ,日经ETF工银,日经ETF工银,工银瑞信大和日经225交易型开放式指数证券投资基金(QDII),N225.JT,日经225指数,20210408,SZ
159867.SZ,畜牧ETF,养殖ETF鹏华,鹏华中证畜牧养殖交易型开放式指数证券投资基金,930707.CSI,中证畜牧养殖指数,20210305,SZ
159869.SZ,华夏中证动漫游戏ETF,游戏ETF华夏,华夏中证动漫游戏交易型开放式指数证券投资基金,930901.CSI,中证动漫游戏指数,20210305,SZ
159870.SZ,化工ETF,化工ETF鹏华,鹏华中证细分化工产业主题交易型开放式指数证券投资基金,000813.CSI,中证细分化工产业主题指数,20210303,SZ
159871.SZ,有色金属,有色ETF银华,银华中证有色金属交易型开放式指数证券投资基金,930708.CSI,中证有色金属指数,20210331,SZ
159872.SZ,车联网,智能网联汽车ETF鹏华,鹏华中证车联网主题交易型开放式指数证券投资基金,930725.CSI,中证车联网主题指数,20210701,SZ
159873.SZ,天弘中证全指医疗保健设备与服务ETF,医疗设备ETF天弘,天弘中证全指医疗保健设备与服务交易型开放式指数证券投资基金,H30178.CSI,中证全指医疗保健设备与服务指数,20210329,SZ
159875.SZ,嘉实中证新能源ETF,新能源ETF嘉实,嘉实中证新能源交易型开放式指数证券投资基金,399808.SZ,中证新能源指数,20210817,SZ
159876.SZ,有色龙头ETF,有色ETF华宝,华宝中证有色金属交易型开放式指数证券投资基金,930708.CSI,中证有色金属指数,20210324,SZ
159877.SZ,南方中证全指医疗保健设备与服务ETF,医疗ETF南方,南方中证全指医疗保健设备与服务交易型开放式指数证券投资基金,H30178.CSI,中证全指医疗保健设备与服务指数,20211103,SZ
159880.SZ,有色50,有色ETF鹏华,鹏华国证有色金属行业交易型开放式指数证券投资基金,399395.SZ,国证有色金属行业指数,20210325,SZ
159881.SZ,国泰中证有色金属ETF,有色金属ETF国泰,国泰中证有色金属交易型开放式指数证券投资基金,930708.CSI,中证有色金属指数,20210701,SZ
159883.SZ,医疗器械ETF永赢,医疗器械ETF永赢,永赢中证全指医疗器械交易型开放式指数证券投资基金,H30217.CSI,中证全指医疗器械指数,20210430,SZ
159885.SZ,低碳ETF,碳中和ETF鹏华,鹏华中证内地低碳经济主题交易型开放式指数证券投资基金,000977.CSI,中证内地低碳经济主题指数,20210414,SZ
159886.SZ,富国中证细分机械设备产业主题ETF,机械ETF富国,富国中证细分机械设备产业主题交易型开放式指数证券投资基金,000812.CSI,中证细分机械设备产业主题指数,20210428,SZ
159887.SZ,富国中证800银行ETF,银行ETF富国,富国中证800银行交易型开放式指数证券投资基金,H30022.CSI,中证800银行指数,20210520,SZ
159888.SZ,华夏中证智能汽车主题ETF,智能汽车ETF华夏,华夏中证智能汽车主题交易型开放式指数证券投资基金,930721.CSI,中证智能汽车主题指数,20210521,SZ
159889.SZ,国泰中证智能汽车主题ETF,智能汽车ETF国泰,国泰中证智能汽车主题交易型开放式指数证券投资基金,930721.CSI,中证智能汽车主题指数,20210909,SZ
159890.SZ,招商中证云计算ETF,云计算ETF招商,招商中证云计算与大数据主题交易型开放式指数证券投资基金,930851.CSI,中证云计算与大数据主题指数,20210402,SZ
159891.SZ,建信中证全指医疗保健设备与服务ETF,医疗ETF建信,建信中证全指医疗保健设备与服务交易型开放式指数证券投资基金,H30178.CSI,中证全指医疗保健设备与服务指数,20210615,SZ
159892.SZ,华夏恒生生物科技ETF(QDII),恒生医药ETF华夏,华夏恒生生物科技交易型开放式指数证券投资基金(QDII),HSBIO.HI,恒生生物科技指数,20211019,SZ
159895.SZ,易方达中证物联网主题ETF,物联网ETF易方达,易方达中证物联网主题交易型开放式指数证券投资基金,930712.CSI,中证物联网主题指数,20211021,SZ
159896.SZ,南方中证物联网主题ETF,物联网ETF南方,南方中证物联网主题交易型开放式指数证券投资基金,930712.CSI,中证物联网主题指数,20211124,SZ
159898.SZ,招商中证全指医疗器械ETF,医疗器械ETF招商,招商中证全指医疗器械交易型开放式指数证券投资基金,H30217.CSI,中证全指医疗器械指数,20210604,SZ
159899.SZ,招商中证全指软件ETF,软件ETF招商,招商中证全指软件交易型开放式指数证券投资基金,H30202.CSI,中证全指软件指数,20210628,SZ
159901.SZ,易方达深证100ETF,深证100ETF易方达,易方达深证100交易型开放式指数证券投资基金,399330.SZ,深证100指数,20060424,SZ
159902.SZ,华夏中小企业100ETF,中小100ETF华夏,中小企业100交易型开放式指数基金,399005.SZ,中小企业100指数,20060905,SZ
159903.SZ,南方深证成份ETF,深成ETF南方,深证成份交易型开放式指数证券投资基金,399001.SZ,深证成份指数,20100202,SZ
159905.SZ,红利ETF工银,红利ETF工银,深证红利交易型开放式指数证券投资基金,399324.SZ,深证红利指数,20110111,SZ
159906.SZ,大成深证成长40ETF,深成长ETF大成,深证成长40交易型开放式指数证券投资基金,399326.SZ,深证成长40指数,20110223,SZ
159907.SZ,广发国证2000ETF,国证2000ETF广发,广发国证2000交易型开放式指数证券投资基金,399303.SZ,国证2000指数,20110810,SZ
159908.SZ,博时创业板ETF,创业板ETF博时,博时创业板交易型开放式指数证券投资基金,399006.SZ,创业板指数,20181210,SZ
159909.SZ,深证TMT50ETF,TMT50ETF招商,深证电子信息传媒产业(TMT)50交易型开放式指数证券投资基金,399610.SZ,深证电子信息传媒产业50指数,20110901,SZ
159910.SZ,嘉实深证基本面120ETF,基本面120ETF嘉实,深证基本面120交易型开放式指数证券投资基金,399702.SZ,深证基本面120指数,20110927,SZ
159912.SZ,汇添富深证300ETF,深300ETF汇添富,深证300交易型开放式指数证券投资基金,399007.SZ,深证300指数,20111124,SZ
159913.SZ,交银深证300价值ETF,深价值ETF交银,深证300价值交易型开放式指数证券投资基金,399348.SZ,深证300价值指数,20111025,SZ
159915.SZ,易方达创业板ETF,创业板ETF易方达,易方达创业板交易型开放式指数证券投资基金,399006.SZ,创业板指数,20111209,SZ
159916.SZ,建信深证基本面60ETF,基本面ETF建信,深证基本面60交易型开放式指数证券投资基金,399701.SZ,深证基本面60指数,20111024,SZ
159918.SZ,嘉实中创400ETF,中创400ETF嘉实,中创400交易型开放式指数证券投资基金,399624.SZ,中小创业企业400指数,20120511,SZ
159919.SZ,嘉实沪深300ETF,沪深300ETF嘉实,嘉实沪深300交易型开放式指数证券投资基金,000300.SH,沪深300指数,20120528,SZ
159920.SZ,华夏恒生ETF,恒生ETF华夏,恒生交易型开放式指数证券投资基金,HSI.HI,恒生指数,20121022,SZ
159922.SZ,嘉实中证500ETF,中证500ETF嘉实,嘉实中证500交易型开放式指数证券投资基金,000905.SH,中证小盘500指数,20130315,SZ
159923.SZ,大成中证A100ETF,中证A100ETF大成,大成中证A100交易型开放式指数证券投资基金,000903.SH,中证A100指数,20130305,SZ
159925.SZ,南方沪深300ETF,沪深300ETF南方,南方沪深300交易型开放式指数证券投资基金,000300.SH,沪深300指数,20130411,SZ
159928.SZ,汇添富中证主要消费ETF,消费ETF,中证主要消费交易型开放式指数证券投资基金,000932.SH,中证主要消费指数,20130916,SZ
159929.SZ,汇添富中证医药卫生ETF,医药ETF,中证医药卫生交易型开放式指数证券投资基金,000933.SH,中证医药卫生指数,20130916,SZ
159930.SZ,汇添富中证能源ETF,能源ETF,中证能源交易型开放式指数证券投资基金,000928.SH,中证能源指数,20130916,SZ
159931.SZ,汇添富中证金融地产ETF,金融ETF,中证金融地产交易型开放式指数证券投资基金,000934.SH,中证金融地产指数,20130916,SZ
159933.SZ,国投瑞银金融地产ETF,金融地产ETF国投瑞银,国投瑞银沪深300金融地产交易型开放式指数证券投资基金,000914.SH,沪深300金融地产指数,20131016,SZ
159934.SZ,易方达黄金ETF,黄金ETF易方达,易方达黄金交易型开放式证券投资基金,Au99.99.SGE,黄金9999,20131216,SZ
159935.SZ,景顺长城中证500ETF,中证500ETF景顺,景顺长城中证500交易型开放式指数证券投资基金,000905.SH,中证小盘500指数,20140121,SZ
159936.SZ,广发中证全指可选消费ETF,可选消费ETF广发,广发中证全指可选消费交易型开放式指数证券投资基金,000989.SH,中证全指可选消费指数,20140625,SZ
159937.SZ,博时黄金ETF,黄金ETF博时,博时黄金交易型开放式证券投资基金,Au99.99.SGE,黄金9999,20140901,SZ
159938.SZ,广发中证全指医药卫生ETF,医药ETF广发,广发中证全指医药卫生交易型开放式指数证券投资基金,000991.SH,中证全指医药卫生指数,20150108,SZ
159939.SZ,广发中证全指信息技术ETF,信息技术ETF广发,广发中证全指信息技术交易型开放式指数证券投资基金,000993.SH,中证全指信息技术指数,20150205,SZ
159940.SZ,广发中证全指金融地产ETF,金融地产ETF广发,广发中证全指金融地产交易型开放式指数证券投资基金,000992.SH,中证全指金融地产指数,20150417,SZ
159941.SZ,广发纳指100ETF,纳指ETF广发,广发纳斯达克100交易型开放式指数证券投资基金,NDX.NASDAQ,纳斯达克100指数,20150713,SZ
159943.SZ,深证ETF,深证成指ETF大成,大成深证成份交易型开放式指数证券投资基金,399001.SZ,深证成份指数,20150708,SZ
159944.SZ,广发中证全指原材料ETF,材料ETF广发,广发中证全指原材料交易型开放式指数证券投资基金,000987.SH,中证全指原材料指数,20150706,SZ
159945.SZ,广发中证全指能源ETF,能源ETF广发,广发中证全指能源交易型开放式指数证券投资基金,000986.SH,中证全指能源指数,20150706,SZ
159948.SZ,南方创业板ETF,创业板ETF南方,南方创业板交易型开放式指数证券投资基金,399006.SZ,创业板指数,20160531,SZ
159949.SZ,华安创业板50ETF,创业板50ETF华安,华安创业板50交易型开放式指数证券投资基金,399673.SZ,创业板50指数,20160722,SZ
159952.SZ,广发创业板ETF,创业板ETF广发,广发创业板交易型开放式指数证券投资基金,399006.SZ,创业板指数,20170519,SZ
159954.SZ,南方恒生中国企业ETF,恒生中国企业ETF南方,南方恒生中国企业交易型开放式指数证券投资基金,HSCEI.HI,恒生中国企业指数,20180315,SZ
159956.SZ,建信创业板ETF,创业板ETF建信,建信创业板交易型开放式指数证券投资基金,399006.SZ,创业板指数,20180307,SZ
159957.SZ,华夏创业板ETF,创业板ETF华夏,华夏创业板交易型开放式指数证券投资基金,399006.SZ,创业板指数,20180104,SZ
159958.SZ,创业板ETF工银,创业板ETF工银,工银瑞信创业板交易型开放式指数证券投资基金,399006.SZ,创业板指数,20180119,SZ
159959.SZ,央企ETF,央企ETF银华,银华中证央企结构调整交易型开放式指数证券投资基金,000860.SH,中证央企结构调整指数,20190118,SZ
159960.SZ,平安恒生中国企业ETF,恒生中国企业ETF平安,平安港股通恒生中国企业交易型开放式指数证券投资基金,HSCEI.HI,恒生中国企业指数,20181022,SZ
159961.SZ,方正富邦深证100ETF,深100ETF方正富邦,方正富邦深证100交易型开放式指数证券投资基金,399330.SZ,深证100指数,20181219,SZ
159964.SZ,平安创业板ETF,创业板ETF平安,平安创业板交易型开放式指数证券投资基金,399006.SZ,创业板指数,20190419,SZ
159965.SZ,国联央视50ETF,央视50ETF国联,国联央视财经50交易型开放式指数证券投资基金,399550.SZ,央视财经50指数,20190424,SZ
159966.SZ,华夏创业板低波价值ETF,创业板价值ETF华夏,华夏创业板低波价值交易型开放式指数证券投资基金,399295.SZ,创业板低波价值指数,20190715,SZ
159967.SZ,华夏创成长ETF,创业板成长ETF华夏,华夏创业板动量成长交易型开放式指数证券投资基金,399296.SZ,创业板动量成长指数,20190715,SZ
159968.SZ,博时中证500ETF,中证500ETF博时,博时中证500交易型开放式指数证券投资基金,000905.SH,中证小盘500指数,20191031,SZ
159970.SZ,深100ETF工银,深100ETF工银,工银瑞信深证100交易型开放式指数证券投资基金,399330.SZ,深证100指数,20200110,SZ
159971.SZ,富国创业板ETF,创业板ETF富国,富国创业板交易型开放式指数证券投资基金,399006.SZ,创业板指数,20190702,SZ
159972.SZ,5年地债,5年地方债ETF鹏华,鹏华中证5年期地方政府债交易型开放式指数证券投资基金,930865.CSI,中证5年期地方政府债指数,20191108,SZ
159973.SZ,弘毅远方国证民企领先100ETF,民企ETF弘毅远方,弘毅远方国证民企领先100交易型开放式指数证券投资基金,399362.SZ,国证民企领先100指数,20190809,SZ
159974.SZ,富国中证央企创新驱动ETF,央企创新ETF富国,富国中证央企创新驱动交易型开放式指数证券投资基金,000861.CSI,中证央企创新驱动指数,20191218,SZ
159975.SZ,招商深证100ETF,深100ETF招商,招商深证100交易型开放式指数证券投资基金,399330.SZ,深证100指数,20200102,SZ
159976.SZ,湾创ETF工银,湾创ETF工银,工银瑞信粤港澳大湾区创新100交易型开放式指数证券投资基金,980001.SZ,粤港澳大湾区创新100指数,20200117,SZ
159977.SZ,天弘创业板ETF,创业板ETF天弘,天弘创业板交易型开放式指数证券投资基金,399006.SZ,创业板指数,20190927,SZ
159980.SZ,大成有色金属期货ETF,有色ETF大成,大成有色金属期货交易型开放式指数证券投资基金,IMCI.SHF,上海期货交易所有色金属期货价格指数,20191224,SZ
159981.SZ,建信能源化工期货ETF,能源化工ETF建信,建信易盛郑商所能源化工期货交易型开放式指数证券投资基金,000201.CZCE,易盛郑商所能源化工指数A,20200117,SZ
159982.SZ,中证500,中证500ETF鹏华,鹏华中证500交易型开放式指数证券投资基金,000905.SH,中证小盘500指数,20200220,SZ
159985.SZ,华夏饲料豆粕期货ETF,豆粕ETF华夏,华夏饲料豆粕期货交易型开放式证券投资基金,000014.DCE,大商所豆粕期货价格指数,20191205,SZ
159991.SZ,招商创业板大盘ETF,创业板大盘ETF招商,招商创业板大盘交易型开放式指数证券投资基金,399293.SZ,创业板大盘指数,20200424,SZ
159992.SZ,创新药,创新药ETF银华,银华中证创新药产业交易型开放式指数证券投资基金,931152.CSI,中证创新药产业指数,20200410,SZ
159993.SZ,龙头券商,证券ETF鹏华,鹏华国证证券龙头交易型开放式指数证券投资基金,399437.SZ,国证证券龙头指数,20200207,SZ
159994.SZ,5GETF,通信ETF银华,银华中证5G通信主题交易型开放式指数证券投资基金,931079.CSI,中证5G通信主题指数,20200228,SZ
159995.SZ,华夏国证半导体芯片ETF,芯片ETF华夏,华夏国证半导体芯片交易型开放式指数证券投资基金,980017.SZ,国证半导体芯片指数,20200210,SZ
159996.SZ,国泰中证全指家用电器ETF,家电ETF国泰,国泰中证全指家用电器交易型开放式指数证券投资基金,930697.CSI,中证全指家用电器指数,20200316,SZ
159997.SZ,天弘中证电子ETF,电子ETF天弘,天弘中证电子交易型开放式指数证券投资基金,930652.CSI,中证电子指数,20200320,SZ
159998.SZ,天弘中证计算机主题ETF,计算机ETF天弘,天弘中证计算机主题交易型开放式指数证券投资基金,930651.CSI,中证计算机主题指数,20200413,SZ
510010.SH,交银上证180公司治理ETF,180治理ETF交银,上证180公司治理交易型开放式指数证券投资基金,000021.SH,上证180公司治理指数,20091215,SH
510020.SH,博时上证超大盘ETF,超大盘ETF博时,上证超级大盘交易型开放式指数证券投资基金,000043.SH,上证超级大盘指数,20100319,SH
510030.SH,上证180价值ETF,价值ETF华宝,上证180价值交易型开放式指数证券投资基金,000029.SH,上证180价值指数,20100528,SH
510040.SH,鹏华上证180ETF,上证180ETF鹏华,鹏华上证180交易型开放式指数证券投资基金,000010.SH,上证180指数,20250106,SH
510050.SH,华夏上证50ETF,上证50ETF华夏,上证50交易型开放式指数证券投资基金,000016.SH,上证50指数,20050223,SH
510060.SH,央企ETF工银,央企ETF工银,上证中央企业50交易型开放式指数证券投资基金,000042.SH,上证中央企业50指数,20091027,SH
510090.SH,建信上证社会责任ETF,责任ETF建信,上证社会责任交易型开放式指数证券投资基金,000048.SH,上证社会责任指数,20100809,SH
510100.SH,易方达上证50ETF,上证50ETF易方达,易方达上证50交易型开放式指数证券投资基金,000016.SH,上证50指数,20191009,SH
510130.SH,易方达上证中盘ETF,上证中盘ETF易方达,易方达上证中盘交易型开放式指数证券投资基金,000044.SH,上证中盘指数,20100623,SH
510150.SH,招商上证消费80ETF,消费ETF招商,上证消费80交易型开放式指数证券投资基金,000069.SH,上证消费80指数,20110225,SH
510160.SH,南方中证小康产业ETF,产业升级ETF南方,中证南方小康产业交易型开放式指数证券投资基金,000901.SH,中证南方小康产业指数,20101101,SH
510170.SH,国联安上证商品ETF,大宗商品ETF国联安,上证大宗商品股票交易型开放式指数证券投资基金,000066.SH,上证大宗商品股票指数,20110125,SH
510180.SH,华安上证180ETF,上证180ETF华安,上证180交易型开放式指数证券投资基金,000010.SH,上证180指数,20060518,SH
510190.SH,华安上证50ETF,上证50ETF华安,华安上证50交易型开放式指数证券投资基金,000016.SH,上证50指数,20110110,SH
510200.SH,上证券商,上证券商ETF汇安,汇安上证证券交易型开放式指数证券投资基金,950105.CSI,上证证券行业指数,20200508,SH
510210.SH,上证综指ETF,上证指数ETF富国,上证综指交易型开放式指数证券投资基金,000001.SH,上证综合指数,20110325,SH
510230.SH,国泰上证180金融ETF,金融ETF国泰,上证180金融交易型开放式指数证券投资基金,000018.SH,上证180金融股指数,20110523,SH
510270.SH,国企ETF,国企ETF中银,上证国有企业100交易型开放式指数证券投资基金,000056.SH,上证国有企业100指数,20110818,SH
510290.SH,南方上证380ETF,上证380ETF南方,上证380交易型开放式指数证券投资基金,000009.SH,上证380指数,20111108,SH
510300.SH,华泰柏瑞沪深300ETF,沪深300ETF华泰柏瑞,华泰柏瑞沪深300交易型开放式指数证券投资基金,000300.SH,沪深300指数,20120528,SH
510310.SH,易方达沪深300ETF,沪深300ETF易方达,易方达沪深300交易型开放式指数发起式证券投资基金,000300.SH,沪深300指数,20130325,SH
510320.SH,中金沪深300ETF,沪深300ETF中金,中金沪深300交易型开放式指数证券投资基金,000300.SH,沪深300指数,20250425,SH
510330.SH,华夏沪深300ETF,沪深300ETF华夏,华夏沪深300交易型开放式指数证券投资基金,000300.SH,沪深300指数,20130116,SH
510350.SH,沪深300ETF工银,沪深300ETF工银,工银瑞信沪深300交易型开放式指数证券投资基金,000300.SH,沪深300指数,20190816,SH
510360.SH,广发沪深300ETF,沪深300ETF广发,广发沪深300交易型开放式指数证券投资基金,000300.SH,沪深300指数,20150909,SH
510370.SH,兴业沪深300ETF,沪深300ETF兴业,兴业沪深300交易型开放式指数证券投资基金,000300.SH,沪深300指数,20201027,SH
510380.SH,国寿安保沪深300ETF,沪深300ETF国寿,国寿安保沪深300交易型开放式指数证券投资基金,000300.SH,沪深300指数,20180207,SH
510390.SH,平安沪深300ETF,沪深300ETF平安,平安沪深300交易型开放式指数证券投资基金,000300.SH,沪深300指数,20180126,SH
510410.SH,博时上证自然资源ETF,资源ETF博时,上证自然资源交易型开放式指数证券投资基金,000068.SH,上证自然资源指数,20120511,SH
510500.SH,南方中证500ETF,中证500ETF南方,中证500交易型开放式指数证券投资基金,000905.SH,中证小盘500指数,20130315,SH
510510.SH,广发中证500ETF,中证500ETF广发,广发中证500交易型开放式指数证券投资基金,000905.SH,中证小盘500指数,20130524,SH
510530.SH,中证500ETF工银,中证500ETF工银,工银瑞信中证500交易型开放式指数证券投资基金,000905.SH,中证小盘500指数,20200103,SH
510550.SH,方正富邦中证500ETF,中证500ETF方正富邦,方正富邦中证500交易型开放式指数证券投资基金,000905.SH,中证小盘500指数,20190116,SH
510560.SH,国寿安保中证500ETF,中证500ETF国寿,国寿安保中证500交易型开放式指数证券投资基金,000905.SH,中证小盘500指数,20150703,SH
510570.SH,兴业中证500ETF,中证500ETF兴业,兴业中证500交易型开放式指数证券投资基金,000905.SH,中证小盘500指数,20200812,SH
510580.SH,易方达中证500ETF,中证500ETF易方达,易方达中证500交易型开放式指数证券投资基金,000905.SH,中证小盘500指数,20150914,SH
510590.SH,平安中证500ETF,中证500ETF平安,平安中证500交易型开放式指数证券投资基金,000905.SH,中证小盘500指数,20180504,SH
510600.SH,申万菱信上证50ETF,上证50ETF申万菱信,申万菱信上证50交易型开放式指数发起式证券投资基金,000016.SH,上证50指数,20180920,SH
510630.SH,华夏消费ETF,消费ETF华夏,上证主要消费交易型开放式指数发起式证券投资基金,000036.SH,上证主要消费行业指数,20130508,SH
510650.SH,华夏金融ETF,金融地产ETF华夏,上证金融地产交易型开放式指数发起式证券投资基金,000038.SH,上证金融地产行业指数,20130508,SH
510660.SH,华夏医药ETF,医药ETF华夏,上证医药卫生交易型开放式指数发起式证券投资基金,000037.SH,上证医药卫生行业指数,20130508,SH
510670.SH,华夏上证180ETF,上证180ETF华夏,华夏上证180交易型开放式指数证券投资基金,000010.SH,上证180指数,20251029,SH
510680.SH,万家上证50ETF,上证50ETF万家,万家上证50交易型开放式指数证券投资基金,000016.SH,上证50指数,20151215,SH
510710.SH,博时上证50ETF,上证50ETF博时,博时上证50交易型开放式指数证券投资基金,000016.SH,上证50指数,20150615,SH
510720.SH,国泰上证国有企业红利ETF,红利国企ETF国泰,国泰上证国有企业红利交易型开放式指数证券投资基金,000151.SH,上证国有企业红利指数,20240515,SH
510760.SH,国泰上证综合ETF,上证指数ETF国泰,国泰上证综合交易型开放式指数证券投资基金,000001.SH,上证综合指数,20200909,SH
510770.SH,申万菱信上证G60创新ETF,G60创新ETF申万菱信,申万菱信上证G60战略新兴产业成份交易型开放式指数证券投资基金,950049.CSI,上证G60战略新兴产业成份指数,20210928,SH
510800.SH,建信上证50ETF,上证50ETF建信,建信上证50交易型开放式指数证券投资基金,000016.SH,上证50指数,20180115,SH
510810.SH,中证上海国企ETF,上海国企ETF汇添富,中证上海国企交易型开放式指数证券投资基金,950096.CSI,中证上海国企指数,20160829,SH
510850.SH,上证50ETF工银,上证50ETF工银,工银瑞信上证50交易型开放式指数证券投资基金,000016.SH,上证50指数,20190306,SH
510880.SH,华泰柏瑞上证红利ETF,红利ETF华泰柏瑞,上证红利交易型开放式指数证券投资基金,000015.SH,上证红利指数,20070118,SH
510900.SH,易方达恒生国企(QDII-ETF),恒生中国企业ETF易方达,易方达恒生中国企业交易型开放式指数证券投资基金,HSCEI.HI,恒生中国企业指数,20121022,SH
510950.SH,广发上证50ETF,上证50ETF广发,广发上证50交易型开放式指数证券投资基金,000016.SH,上证50指数,20240510,SH
510980.SH,汇添富上证综合ETF,上证指数ETF汇添富,汇添富上证综合交易型开放式指数证券投资基金,000001.SH,上证综合指数,20231201,SH
510990.SH,180ESGETF工银,180ESGETF工银,工银瑞信中证180ESG交易型开放式指数证券投资基金,931088.CSI,中证180ESG指数,20210701,SH
511010.SH,国泰上证5年期国债ETF,国债ETF国泰,上证5年期国债交易型开放式指数证券投资基金,000140.CSI,上证5年期国债指数,20130325,SH
511020.SH,平安5-10年期国债活跃券ETF,国债ETF平安,平安中证5-10年期国债活跃券交易型开放式指数证券投资基金,931018.CSI,中证5-10年期国债活跃券指数,20190222,SH
511030.SH,平安中高等级公司债利差因子ETF,公司债ETF平安,平安中债-中高等级公司债利差因子交易型开放式指数证券投资基金,CBC00703.OTH,中债-中高等级公司债利差因子指数(全价),20190322,SH
511060.SH,海富通上证5年期地方政府债ETF,5年地方债ETF海富通,海富通上证5年期地方政府债交易型开放式指数证券投资基金,950045.CSI,上证5年期地方政府债指数,20191212,SH
511070.SH,南方上证基准做市公司债ETF,公司债ETF南方,南方上证基准做市公司债交易型开放式指数证券投资基金,950245.CSI,上证基准做市公司债指数,20250122,SH
511090.SH,鹏扬中债-30年期国债ETF,30年国债ETF鹏扬,鹏扬中债-30年期国债交易型开放式指数证券投资基金,CBA21801.OTH,中债-30年期国债指数,20230613,SH
511100.SH,华夏上证基准做市国债ETF,国债ETF华夏,华夏上证基准做市国债交易型开放式指数证券投资基金,950243.CSI,上证基准做市国债指数,20231225,SH
511110.SH,易方达上证基准做市公司债ETF,公司债ETF易方达,易方达上证基准做市公司债交易型开放式指数证券投资基金,950245.CSI,上证基准做市公司债指数,20250124,SH
511120.SH,广发上证AAA科技创新公司债ETF,科创债ETF广发,广发上证AAA科技创新公司债交易型开放式指数证券投资基金,950167.CSI,上证AAA科技创新公司债指数,20250717,SH
511130.SH,博时上证30年期国债ETF,30年国债ETF博时,博时上证30年期国债交易型开放式指数证券投资基金,950175.CSI,上证30年期国债指数,20240328,SH
511150.SH,科创债ETF永赢,科创债ETF永赢,永赢上证AAA科技创新公司债交易型开放式指数证券投资基金,950167.CSI,上证AAA科技创新公司债指数,20250924,SH
511160.SH,国债ETF东财,国债ETF东财,东财中证1-3年国债交易型开放式指数证券投资基金,931552.CSI,中证1-3年国债指数,20250106,SH
511180.SH,海富通上证投资级可转债ETF,可转债ETF海富通,海富通上证投资级可转债及可交换债券交易型开放式指数证券投资基金,950041.CSI,上证投资级可转债及可交换债券指数,20200826,SH
511190.SH,海富通上证基准做市公司债ETF,信用债ETF海富通,海富通上证基准做市公司债交易型开放式指数证券投资基金,950245.CSI,上证基准做市公司债指数,20250205,SH
511200.SH,华夏上证基准做市公司债ETF,信用债ETF华夏,华夏上证基准做市公司债交易型开放式指数证券投资基金,950245.CSI,上证基准做市公司债指数,20250207,SH
511220.SH,海富通上证城投债ETF,城投债ETF海富通,上证城投债交易型开放式指数证券投资基金,H11098.CSI,上证城投债指数,20141216,SH
511260.SH,上证10年期国债ETF,十年国债ETF国泰,上证10年期国债交易型开放式指数证券投资基金,H01077.CSI,上证10年期国债指数(净价),20170824,SH
511270.SH,海富通上证10年期地方政府债ETF,10年地方债ETF海富通,上证10年期地方政府债交易型开放式指数证券投资基金,950109.CSI,上证10年期地方政府债指数,20181122,SH
511360.SH,海富通中证短融ETF,短融ETF海富通,海富通中证短融交易型开放式指数证券投资基金,H11014.CSI,中证短融指数,20200925,SH
511380.SH,博时可转债ETF,可转债ETF博时,博时中证可转债及可交换债券交易型开放式指数证券投资基金,931078.CSI,中证可转债及可交换债券指数,20200407,SH
511520.SH,富国中债7-10年政策性金融债ETF,政金债ETF富国,富国中债7-10年政策性金融债交易型开放式指数证券投资基金,CBA08203.OTH,中债-7-10年政策性金融债指数(全价),20221025,SH
511580.SH,招商中证国债及政策性金融债0-3年ETF,国债政金债ETF招商,招商中证国债及政策性金融债0-3年交易型开放式指数证券投资基金,932200.CSI,中证国债及政策性金融债0-3年指数,20221214,SH
511600.SH,华安日日鑫货币H,华安日日鑫ETF,华安日日鑫货币市场基金H类,,,20160927,SH
511620.SH,国泰瞬利货币A,货币ETF国泰,国泰瞬利交易型货币市场基金A类,,,20170907,SH
511650.SH,华夏快线货币E,货币ETF华夏,华夏快线交易型货币市场基金E类,,,20170116,SH
511660.SH,建信现金添益货币H,货币ETF建信,建信现金添益交易型货币市场基金H类,,,20160921,SH
511670.SH,华泰紫金天天金货币ETFA,华泰天天金ETF,华泰紫金天天金交易型货币市场基金A类,,,20170828,SH
511690.SH,大成添益交易型货币E,交易货币ETF大成,大成添益交易型货币市场基金E类,,,20161020,SH
511700.SH,场内货币,货币ETF平安,平安交易型货币市场基金E类,,,20161017,SH
511770.SH,金鹰现金增益E,金鹰增益货币ETF,金鹰现金增益交易型货币市场基金E类,,,20170410,SH
511800.SH,易方达货币E,易方达货币ETF,易方达货币市场基金E类,,,20141208,SH
511810.SH,南方理财金货币ETF,货币ETF南方,南方理财金交易型货币市场基金H类,,,20150105,SH
511820.SH,鹏华添利交易型货币B,鹏华添利ETF,鹏华添利交易型货币市场基金B类,,,20160222,SH
511830.SH,华泰柏瑞货币ETF,货币ETF华泰柏瑞,华泰柏瑞交易型货币市场基金A类,,,20150803,SH
511850.SH,财富宝E,招商财富宝ETF,招商财富宝交易型货币市场基金E类,,,20160718,SH
511860.SH,博时保证金货币ETF,货币ETF博时,博时保证金实时交易型货币市场基金A类,,,20141209,SH
511880.SH,银华日利,银华日利ETF,银华交易型货币市场基金A类,,,20130418,SH
511900.SH,富国收益宝交易型货币H,富国货币ETF,富国收益宝交易型货币市场基金H类,,,20151209,SH
511910.SH,融通易支付货币E,融通货币ETF,融通易支付货币市场证券投资基金E类,,,20160704,SH
511920.SH,广发货币E,货币ETF广发,广发货币市场基金E类,,,20160328,SH
511930.SH,国联日盈A,货币ETF国联,国联日日盈交易型货币市场基金A类,,,20151215,SH
511950.SH,广发添利货币A,添利货币ETF广发,广发添利交易型货币市场基金A类,,,20161219,SH
511960.SH,嘉实快线货币H,货币ETF嘉实,嘉实快线货币市场基金H类,,,20160111,SH
511970.SH,国寿安保货币E,国寿货币ETF,国寿安保货币市场基金E类,,,20160718,SH
511980.SH,汇添富添富通货币E,货币ETF汇添富,汇添富添富通货币市场基金E类,,,20151102,SH
511990.SH,华宝添益A,华宝添益ETF,华宝现金添益交易型货币市场基金A类,,,20130128,SH
512000.SH,华宝中证全指证券公司ETF,券商ETF华宝,华宝中证全指证券公司交易型开放式指数证券投资基金,399975.SZ,中证全指证券公司指数,20160914,SH
512010.SH,易方达沪深300医药ETF,医药ETF易方达,易方达沪深300医药卫生交易型开放式指数证券投资基金,000913.SH,沪深300医药卫生指数,20131028,SH
512020.SH,鹏华中证A500ETF,A500ETF鹏华,鹏华中证A500交易型开放式指数证券投资基金,000510.SH,中证A500指数,20241202,SH
512030.SH,易方达中证A50增强策略ETF,中证A50增强ETF易方达,易方达中证A50增强策略交易型开放式指数证券投资基金,930050.CSI,中证A50指数,20250813,SH
512040.SH,富国中证价值ETF,价值100ETF富国,富国中证价值交易型开放式指数证券投资基金,931052.CSI,中证国信价值指数,20181129,SH
512050.SH,华夏中证A500ETF,A500ETF华夏,华夏中证A500交易型开放式指数证券投资基金,000510.SH,中证A500指数,20241115,SH
512060.SH,天弘中证A100ETF,A100ETF天弘,天弘中证A100交易型开放式指数证券投资基金,000903.SH,中证A100指数,20250718,SH
512070.SH,易方达沪深300非银ETF,证券保险ETF易方达,易方达沪深300非银行金融交易型开放式指数证券投资基金,H30035.CSI,沪深300非银行金融指数,20140718,SH
512080.SH,中金中证A500ETF,A500ETF中金,中金中证A500交易型开放式指数证券投资基金,000510.SH,中证A500指数,20250121,SH
512090.SH,易方达MSCI中国A股国际通ETF,MSCIA股ETF易方达,易方达MSCI中国A股国际通交易型开放式指数证券投资基金,716567.MI,MSCI中国A股国际通(人民币)指数,20180601,SH
512100.SH,南方中证1000ETF,中证1000ETF南方,南方中证1000交易型开放式指数证券投资基金,000852.SH,中证1000指数,20161104,SH
512120.SH,华安中证细分医药ETF,医药ETF华安,华安中证细分医药交易型开放式指数证券投资基金,000814.SH,中证细分医药产业主题指数,20140106,SH
512130.SH,鹏华中证全指自由现金流ETF,全指现金流ETF鹏华,鹏华中证全指自由现金流交易型开放式指数证券投资基金,932365.CSI,中证全指自由现金流指数,20250701,SH
512140.SH,华安中证全指电力公用事业ETF,电力ETF华安,华安中证全指电力公用事业交易型开放式指数证券投资基金,H30199.CSI,中证全指电力公用事业指数,20260511,SH
512150.SH,A50ETF,富时A50ETF汇安,富时中国A50交易型开放式指数证券投资基金,XIN9.OTH,富时中国A50指数,20190121,SH
512160.SH,南方MSCI中国A股国际通ETF,MSCI中国A股ETF南方,MSCI中国A股国际通交易型开放式指数证券投资基金,716567.MI,MSCI中国A股国际通(人民币)指数,20180427,SH
512170.SH,华宝中证医疗ETF,医疗ETF华宝,华宝中证医疗交易型开放式指数证券投资基金,399989.SZ,中证医疗指数,20190617,SH
512180.SH,建信MSCI中国A股国际通ETF,MSCIA股ETF建信,建信MSCI中国A股国际通交易型开放式指数证券投资基金,716566.MI,MSCI中国A股国际通指数,20180521,SH
512190.SH,浙商之江凤凰ETF,浙商之江凤凰ETF,浙商汇金中证浙江凤凰行动50交易型开放式指数证券投资基金,930758.CSI,中证浙江凤凰行动50指数,20190909,SH
512200.SH,南方中证全指房地产ETF,房地产ETF南方,南方中证全指房地产交易型开放式指数证券投资基金,931775.CSI,中证全指房地产指数,20170925,SH
512220.SH,景顺长城中证科技传媒通信150ETF,TMTETF景顺,景顺长城中证科技传媒通信150交易型开放式指数证券投资基金,H30318.CSI,中证科技传媒通信150指数,20140819,SH
512240.SH,鹏华中证A50ETF,A50ETF鹏华,鹏华中证A50交易型开放式指数证券投资基金,930050.CSI,中证A50指数,20250407,SH
512250.SH,招商中证A50ETF,A50ETF招商,招商中证A50交易型开放式指数证券投资基金,930050.CSI,中证A50指数,20250414,SH
512260.SH,华安中证500低波ETF,中证500低波动ETF华安,华安中证500行业中性低波动交易型开放式指数证券投资基金,930782.CSI,中证500行业中性低波动指数,20190111,SH
512290.SH,国泰中证生物医药ETF,生物医药ETF国泰,国泰中证生物医药交易型开放式指数证券投资基金,930726.CSI,中证生物医药指数,20190520,SH
512330.SH,南方中证500信息技术ETF,信息科技ETF南方,中证500信息技术指数交易型开放式指数证券投资基金,H30257.CSI,中证500信息技术指数,20150720,SH
512360.SH,平安MSCI中国A股国际ETF,MSCIA股ETF平安,平安MSCI中国A股国际交易型开放式指数证券投资基金,704843.MI,MSCI中国A股国际指数,20180720,SH
512370.SH,华夏中证A500增强策略ETF,A500增强ETF华夏,华夏中证A500增强策略交易型开放式指数证券投资基金,000510.SH,中证A500指数,20250818,SH
512380.SH,MSCI中国,MSCI中国ETF银华,银华MSCI中国A股交易型开放式指数证券投资基金,718711.MI,MSCI中国A股人民币指数,20190430,SH
512390.SH,平安MSCI中国A股低波动ETF,中国低波ETF平安,平安MSCI中国A股低波动交易型开放式指数证券投资基金,707918L.MI,MSCI中国A股国际低波(美元)指数(本币),20180713,SH
512400.SH,南方中证申万有色金属ETF,有色金属ETF南方,南方中证申万有色金属交易型开放式指数证券投资基金,000819.SH,中证申万有色金属指数,20170901,SH
512430.SH,华泰柏瑞中证家居家电ETF,家居家电ETF华泰柏瑞,华泰柏瑞中证家居家电交易型开放式指数证券投资基金,931241.CSI,中证家居家电指数,20260430,SH
512450.SH,广发中证畜牧养殖产业ETF,畜牧养殖ETF广发,广发中证畜牧养殖产业交易型开放式指数证券投资基金,931946.CSI,中证畜牧养殖产业指数,20260401,SH
512460.SH,华夏中证电池主题ETF,电池ETF华夏,华夏中证电池主题交易型开放式指数证券投资基金,931719.CSI,中证电池主题指数,20260320,SH
512480.SH,国联安半导体ETF,半导体ETF国联安,国联安中证全指半导体产品与设备交易型开放式指数证券投资基金,H30184.CSI,中证全指半导体产品与设备指数,20190612,SH
512500.SH,华夏中证500ETF,中证500ETF华夏,华夏中证500交易型开放式指数证券投资基金,000905.SH,中证小盘500指数,20150529,SH
512510.SH,华泰柏瑞中证500ETF,中证500ETF华泰柏瑞,华泰柏瑞中证500交易型开放式指数证券投资基金,000905.SH,中证小盘500指数,20150612,SH
512520.SH,华泰柏瑞MSCI中国A股国际通ETF,MSCI中国ETF华泰柏瑞,华泰柏瑞MSCI中国A股国际通交易型开放式指数证券投资基金,716567.MI,MSCI中国A股国际通(人民币)指数,20180518,SH
512530.SH,建信沪深300红利ETF,沪深300红利ETF建信,建信沪深300红利交易型开放式指数证券投资基金,000821.CSI,沪深300红利指数,20190923,SH
512550.SH,嘉实富时中国A50ETF,富时A50ETF嘉实,嘉实富时中国A50交易型开放式指数证券投资基金,XIN9.OTH,富时中国A50指数,20170807,SH
512560.SH,易方达中证军工ETF,军工ETF易方达,易方达中证军工交易型开放式指数证券投资基金,399967.SZ,中证军工指数,20170728,SH
512570.SH,易方达中证全指证券公司ETF,证券ETF易方达,易方达中证全指证券公司交易型开放式指数证券投资基金,399975.SZ,中证全指证券公司指数,20170811,SH
512580.SH,广发中证环保ETF,环保ETF广发,广发中证环保产业交易型开放式指数证券投资基金,000827.SH,中证环保产业指数,20170228,SH
512600.SH,嘉实中证主要消费ETF,消费ETF嘉实,嘉实中证主要消费交易型开放式指数证券投资基金,000932.SH,中证主要消费指数,20140725,SH
512620.SH,天弘中证农业主题ETF,农业ETF天弘,天弘中证农业主题交易型开放式指数证券投资基金,000949.CSI,中证农业主题指数,20251121,SH
512630.SH,广发中证卫星产业ETF,卫星ETF广发,广发中证卫星产业交易型开放式指数证券投资基金,931594.CSI,中证卫星产业指数,20251022,SH
512640.SH,嘉实中证金融地产ETF,金融地产ETF嘉实,嘉实中证金融地产交易型开放式指数证券投资基金,000934.SH,中证金融地产指数,20140725,SH
512650.SH,添富中证长三角ETF,长三角ETF汇添富,中证长三角一体化发展主题交易型开放式指数证券投资基金,931141.CSI,中证长三角一体化发展主题指数,20191025,SH
512660.SH,国泰中证军工ETF,军工ETF国泰,国泰中证军工交易型开放式指数证券投资基金,399967.SZ,中证军工指数,20160808,SH
512670.SH,国防ETF,国防ETF鹏华,鹏华中证国防交易型开放式指数证券投资基金,399973.SZ,中证国防指数,20190801,SH
512680.SH,广发中证军工ETF,军工ETF广发,广发中证军工交易型开放式指数证券投资基金,399967.SZ,中证军工指数,20161014,SH
512690.SH,酒ETF,酒ETF鹏华,鹏华中证酒交易型开放式指数证券投资基金,399987.SZ,中证酒指数,20190506,SH
512700.SH,南方中证银行ETF,银行ETF南方,南方中证银行交易型开放式指数证券投资基金,399986.SZ,中证银行指数,20170726,SH
512710.SH,富国中证军工龙头ETF,军工龙头ETF富国,富国中证军工龙头交易型开放式指数证券投资基金,931066.CSI,中证军工龙头指数,20190826,SH
512720.SH,国泰中证计算机主题ETF,计算机ETF国泰,国泰中证计算机主题交易型开放式指数证券投资基金,930651.CSI,中证计算机主题指数,20190816,SH
512730.SH,银行FUND,银行ETF鹏华,鹏华中证银行交易型开放式指数证券投资基金,399986.SZ,中证银行指数,20200207,SH
512750.SH,嘉实基本面50ETF,基本面50ETF嘉实,嘉实中证锐联基本面50交易型开放式指数证券投资基金,000925.CSI,中证锐联基本面50指数,20190705,SH
512760.SH,国泰CES半导体芯片行业ETF,芯片ETF国泰,国泰CES半导体芯片行业交易型开放式指数证券投资基金,990001.OTH,中华交易服务半导体芯片行业指数,20190612,SH
512770.SH,华夏战略新兴成指ETF,战略新兴ETF华夏,战略新兴成指交易型开放式指数证券投资基金,000171.CSI,中国战略新兴产业成份指数,20180816,SH
512800.SH,华宝中证银行ETF,银行ETF华宝,华宝中证银行交易型开放式指数证券投资基金,399986.SZ,中证银行指数,20170803,SH
512810.SH,华宝中证军工ETF,军工ETF华宝,华宝中证军工交易型开放式指数证券投资基金,399967.SZ,中证军工指数,20160822,SH
512820.SH,中证银行ETF,银行ETF汇添富,中证银行交易型开放式指数证券投资基金,399986.SZ,中证银行指数,20181123,SH
512870.SH,南华中证杭州湾区ETF,杭州湾区ETF南华,南华中证杭州湾区交易型开放式指数证券投资基金,931033.CSI,中证杭州湾区指数,20190222,SH
512880.SH,国泰中证全指证券公司ETF,证券ETF国泰,国泰中证全指证券公司交易型开放式指数证券投资基金,399975.SZ,中证全指证券公司指数,20160808,SH
512890.SH,华泰柏瑞中证红利低波动ETF,红利低波ETF华泰柏瑞,华泰柏瑞中证红利低波动交易型开放式指数证券投资基金,H30269.CSI,中证红利低波动指数,20190118,SH
512900.SH,南方中证全指证券公司ETF,证券ETF南方,南方中证全指证券公司交易型开放式指数证券投资基金,399975.SZ,中证全指证券公司指数,20170331,SH
512910.SH,广发中证A100ETF,A100ETF广发,广发中证A100交易型开放式指数证券投资基金,000903.SH,中证A100指数,20190701,SH
512930.SH,平安人工智能ETF,AI人工智能ETF平安,平安中证人工智能主题交易型开放式指数证券投资基金,930713.CSI,中证人工智能主题指数,20190823,SH
512940.SH,华安中证有色金属矿业主题ETF,有色ETF华安,华安中证有色金属矿业主题交易型开放式指数证券投资基金,931892.CSI,中证有色金属矿业主题指数,20260226,SH
512950.SH,华夏中证央企ETF,央企改革ETF华夏,华夏中证央企结构调整交易型开放式指数证券投资基金,000860.SH,中证央企结构调整指数,20190118,SH
512960.SH,博时央企结构调整ETF,央企结构调整ETF博时,博时中证央企结构调整交易型开放式指数证券投资基金,000860.SH,中证央企结构调整指数,20190118,SH
512970.SH,粤港澳大湾区ETF,大湾区ETF平安,平安中证粤港澳大湾区发展主题交易型开放式指数证券投资基金,931000.CSI,中证粤港澳大湾区发展主题指数,20191111,SH
512980.SH,广发中证传媒ETF,传媒ETF广发,广发中证传媒交易型开放式指数证券投资基金,399971.SZ,中证传媒指数,20180119,SH
512990.SH,华夏MSCI中国A股国际通ETF,MSCIA股ETF华夏,华夏MSCI中国A股国际通交易型开放式指数证券投资基金,716566.MI,MSCI中国A股国际通指数,20150325,SH
513000.SH,易方达奥明日经225ETF(QDII),日经225ETF易方达,易方达奥明日经225交易型开放式指数证券投资基金(QDII),N225.JT,日经225指数,20190625,SH
513010.SH,易方达恒生科技ETF(QDII),恒生科技ETF易方达,易方达恒生科技交易型开放式指数证券投资基金(QDII),HSTECH.HI,恒生科技指数,20210525,SH
513020.SH,国泰中证港股通科技ETF,港股科技ETF国泰,国泰中证港股通科技交易型开放式指数证券投资基金,931573.CSI,中证港股通科技指数,20220208,SH
513030.SH,华安德国(DAX)ETF,德国ETF华安,华安国际龙头(DAX)交易型开放式指数证券投资基金,GDAXI.GY,德国法兰克福DAX指数,20140905,SH
513040.SH,易方达中证港股通互联网ETF,港股通互联网ETF易方达,易方达中证港股通互联网交易型开放式指数证券投资基金,931637.CSI,中证港股通互联网指数,20230612,SH
513050.SH,易方达中证海外中国互联网50(QDII-ETF),中概互联网ETF易方达,易方达中证海外中国互联网50交易型开放式指数证券投资基金,H30533.CSI,中证海外中国互联网50指数,20170118,SH
513060.SH,博时恒生医疗保健(QDII-ETF),恒生医疗ETF博时,博时恒生医疗保健交易型开放式指数证券投资基金(QDII),HSHCI.HI,恒生医疗保健指数,20210329,SH
513070.SH,易方达中证港股通消费主题ETF,港股通消费ETF易方达,易方达中证港股通消费主题交易型开放式指数证券投资基金,931454.CSI,中证港股通消费主题指数,20220324,SH
513080.SH,华安法国CAC40ETF,法国ETF华安,华安法国CAC40交易型开放式指数证券投资基金(QDII),CAC40.FP,巴黎CAC40指数,20200612,SH
513090.SH,易方达中证香港证券投资主题(港股通)ETF,香港证券ETF易方达,易方达中证香港证券投资主题交易型开放式指数证券投资基金,930709.CSI,中证香港证券投资主题指数,20200326,SH
513100.SH,国泰纳斯达克100(QDII-ETF),纳指ETF国泰,纳斯达克100交易型开放式指数证券投资基金,NDX.NASDAQ,纳斯达克100指数,20130515,SH
513110.SH,华泰柏瑞纳斯达克100ETF(QDII),纳指ETF华泰柏瑞,华泰柏瑞纳斯达克100交易型开放式指数证券投资基金(QDII),NDX.NASDAQ,纳斯达克100指数,20230320,SH
513120.SH,广发中证香港创新药(QDII-ETF),港股创新药ETF广发,广发中证香港创新药交易型开放式指数证券投资基金(QDII),931787.CSI,中证香港创新药指数,20220712,SH
513130.SH,华泰柏瑞南方东英恒生科技指数ETF(QDII),恒生科技ETF华泰柏瑞,华泰柏瑞南方东英恒生科技指数交易型开放式指数证券投资基金(QDII),HSTECH.HI,恒生科技指数,20210601,SH
513140.SH,华泰柏瑞中证港股通金融服务ETF(QDII),港股通金融ETF华泰柏瑞,华泰柏瑞中证港股通金融服务交易型开放式指数证券投资基金(QDII),H30106.CSI,中证港股通金融服务指数,20230112,SH
513150.SH,华泰柏瑞中证港股通科技ETF,港股通科技ETF华泰柏瑞,华泰柏瑞中证港股通科技交易型开放式指数证券投资基金,931573.CSI,中证港股通科技指数,20220211,SH
513160.SH,科技30,港股科技ETF银华,银华恒生港股通中国科技交易型开放式指数证券投资基金,HSSCT.HI,恒生港股通中国科技指数,20220209,SH
513170.SH,鹏华恒生中国央企ETF(QDII),恒生央企ETF鹏华,鹏华恒生中国央企交易型开放式指数证券投资基金(QDII),HSCSOE.HI,恒生中国央企指数,20240419,SH
513180.SH,华夏恒生科技ETF(QDII),恒生科技ETF华夏,华夏恒生科技交易型开放式指数证券投资基金(QDII),HSTECH.HI,恒生科技指数,20210525,SH
513190.SH,华夏中证港股通内地金融ETF,港股通金融ETF华夏,华夏中证港股通内地金融交易型开放式指数证券投资基金,H11146.CSI,中证港股通内地金融指数,20231011,SH
513200.SH,易方达中证港股通医药卫生综合ETF,港股通医药ETF易方达,易方达中证港股通医药卫生综合交易型开放式指数证券投资基金,930965.CSI,中证港股通医药卫生综合指数,20220211,SH
513210.SH,易方达恒生ETF(QDII),恒生ETF易方达,易方达恒生交易型开放式指数证券投资基金(QDII),HSI.HI,恒生指数,20240422,SH
513220.SH,招商中证全球中国互联网ETF(QDII),中概互联ETF招商,招商中证全球中国互联网交易型开放式指数证券投资基金(QDII),930796.CSI,中证全球中国互联网指数,20220715,SH
513230.SH,华夏中证港股通消费主题ETF,港股通消费ETF华夏,华夏中证港股通消费主题交易型开放式指数证券投资基金,931454.CSI,中证港股通消费主题指数,20220124,SH
513240.SH,华安中证港股通信息技术综合ETF,港股通信息技术ETF华安,华安中证港股通信息技术综合交易型开放式指数证券投资基金,930967.CSI,中证港股通信息技术综合指数,20260508,SH
513260.SH,汇添富恒生科技ETF,恒生科技ETF汇添富,汇添富恒生科技交易型开放式指数证券投资基金(QDII),HSTECH.HI,恒生科技指数,20220913,SH
513280.SH,汇添富恒生生物科技ETF,恒生生物科技ETF汇添富,汇添富恒生生物科技交易型开放式指数证券投资基金(QDII),HSBIO.HI,恒生生物科技指数,20220718,SH
513290.SH,汇添富纳斯达克生物科技ETF,纳指生物科技ETF汇添富,汇添富纳斯达克生物科技交易型开放式指数证券投资基金(QDII),NBI.OTH,纳斯达克生物技术指数,20220829,SH
513300.SH,华夏纳斯达克100ETF(QDII),纳斯达克ETF华夏,华夏纳斯达克100交易型开放式指数证券投资基金(QDII),NDX.NASDAQ,纳斯达克100指数,20201105,SH
513310.SH,华泰柏瑞中证韩交所中韩半导体ETF(QDII),中韩半导体ETF华泰柏瑞,华泰柏瑞中证韩交所中韩半导体交易型开放式指数证券投资基金(QDII),931790.CSI,中证韩交所中韩半导体指数,20221222,SH
513320.SH,易方达恒生港股通新经济ETF,港股通新经济ETF易方达,易方达恒生港股通新经济交易型开放式指数证券投资基金,HSSCNE.HI,恒生港股通新经济指数,20220321,SH
513330.SH,华夏恒生互联网科技业ETF(QDII),恒生互联网ETF华夏,华夏恒生互联网科技业交易型开放式指数证券投资基金(QDII),HSIII.HI,恒生互联网科技业指数,20210208,SH
513350.SH,富国标普石油天然气勘探及生产精选行业ETF(QDII),标普油气ETF富国,富国标普石油天然气勘探及生产精选行业交易型开放式指数证券投资基金(QDII),SPSIOP.OTH,标普石油与天然气的勘探与生产精选行业指数,20231128,SH
513360.SH,博时全球中国教育(QDII-ETF),教育ETF博时,博时中证全球中国教育主题交易型开放式指数证券投资基金(QDII),931456.CSI,中证全球中国教育主题指数,20210617,SH
513380.SH,广发恒生科技(QDII-ETF),恒生科技ETF广发,广发恒生科技交易型开放式指数证券投资基金(QDII),HSTECH.HI,恒生科技指数,20220512,SH
513390.SH,博时纳斯达克100ETF,纳指100ETF博时,博时纳斯达克100交易型开放式指数证券投资基金(QDII),NDX.NASDAQ,纳斯达克100指数,20230508,SH
513400.SH,道琼斯ETF,道琼斯ETF鹏华,鹏华道琼斯工业平均交易型开放式指数证券投资基金(QDII),DJI.UN,道琼斯工业平均指数,20240202,SH
513500.SH,博时标普500ETF,标普500ETF博时,博时标普500交易型开放式指数证券投资基金,SPTR500N.OTH,标普500净总收益指数,20140115,SH
513520.SH,华夏野村日经225ETF,日经ETF华夏,华夏野村日经225交易型开放式指数证券投资基金(QDII),N225.JT,日经225指数,20190625,SH
513530.SH,华泰柏瑞中证港股通高股息投资ETF(QDII),港股通红利ETF华泰柏瑞,华泰柏瑞中证港股通高股息投资交易型开放式指数证券投资基金(QDII),930914.CSI,中证港股通高股息投资指数,20220425,SH
513550.SH,华泰柏瑞中证港股通50ETF,港股通50ETF华泰柏瑞,华泰柏瑞中证港股通50交易型开放式指数证券投资基金,930931.CSI,中证港股通50指数,20210113,SH
513560.SH,兴银中证港股通科技ETF,香港科技ETF兴银,兴银中证港股通科技交易型开放式指数证券投资基金,931573.CSI,中证港股通科技指数,20230213,SH
513580.SH,华安恒生科技ETF,恒生科技ETF华安,华安恒生科技交易型开放式指数证券投资基金(QDII),HSTECH.HI,恒生科技指数,20210527,SH
513590.SH,香港消费,港股通消费ETF鹏华,鹏华中证港股通消费主题交易型开放式指数证券投资基金,931454.CSI,中证港股通消费主题指数,20210819,SH
513600.SH,南方恒生指数ETF,恒生指数ETF南方,南方恒生交易型开放式指数证券投资基金,HSI.HI,恒生指数,20150126,SH
513620.SH,港医疗指,港股医疗ETF银华,银华中证港股通医疗主题交易型开放式指数证券投资基金,932069.CSI,中证港股通医疗主题指数,20260518,SH
513630.SH,摩根标普港股通低波红利ETF,港股低波红利ETF摩根,摩根标普港股通低波红利交易型开放式指数证券投资基金,SPAHLVCP.OTH,标普港股通低波红利指数,20231208,SH
513650.SH,南方标普500ETF(QDII),标普500ETF南方,南方标普500交易型开放式指数证券投资基金(QDII),SPX.UN,标普500指数,20230404,SH
513660.SH,华夏沪港通恒生ETF,恒生ETF华夏,华夏沪港通恒生交易型开放式指数证券投资基金,HSI.HI,恒生指数,20150126,SH
513690.SH,博时恒生高股息ETF,港股红利ETF博时,博时恒生港股通高股息率交易型开放式指数证券投资基金,HSSCHKY.HI,恒生港股通高股息率指数,20210520,SH
513700.SH,香港医药,港股通医药ETF鹏华,鹏华中证港股通医药卫生综合交易型开放式指数证券投资基金,930965.CSI,中证港股通医药卫生综合指数,20210806,SH
513720.SH,国泰中证港股通互联网ETF,港股互联网ETF国泰,国泰中证港股通互联网交易型开放式指数证券投资基金,931637.CSI,中证港股通互联网指数,20260109,SH
513730.SH,华泰柏瑞南方东英新交所泛东南亚科技ETF(QDII),东南亚科技ETF华泰柏瑞,华泰柏瑞南方东英新交所泛东南亚科技交易型开放式指数证券投资基金(QDII),ASIATECP.OTH,新交所泛东南亚科技指数,20231201,SH
513750.SH,广发中证港股通非银ETF,港股通非银ETF广发,广发中证港股通非银行金融主题交易型开放式指数证券投资基金,931024.CSI,中证港股通非银行金融主题指数,20231127,SH
513770.SH,华宝中证港股通互联网ETF,港股互联网ETF华宝,华宝中证港股通互联网交易型开放式指数证券投资基金,931637.CSI,中证港股通互联网指数,20220218,SH
513780.SH,景顺长城中证港股通创新药ETF,港股创新药ETF景顺,景顺长城中证港股通创新药交易型开放式指数证券投资基金,931250.CSI,中证港股通创新药指数,20241025,SH
513800.SH,南方顶峰TOPIXETF(QDII),日本东证指数ETF南方,南方顶峰TOPIX交易型开放式指数证券投资基金(QDII),TPX.JT,东证股价指数,20190625,SH
513810.SH,华夏中证香港内地国有企业ETF(QDII),港股国企ETF华夏,华夏中证香港内地国有企业交易型开放式指数证券投资基金(QDII),H11153.CSI,中证香港内地国有企业指数,20230901,SH
513820.SH,汇添富中证港股通高股息投资ETF,港股通红利ETF汇添富,汇添富中证港股通高股息投资交易型开放式指数证券投资基金,930914.CSI,中证港股通高股息投资指数,20240516,SH
513830.SH,嘉实中证港股通高股息投资ETF,港股通高股息ETF嘉实,嘉实中证港股通高股息投资交易型开放式指数证券投资基金,930914.CSI,中证港股通高股息投资指数,20250307,SH
513850.SH,易方达MSCI美国50ETF(QDII),美国50ETF易方达,易方达MSCI美国50交易型开放式指数证券投资基金(QDII),750108.MI,MSCI美国50指数,20231117,SH
513860.SH,海富通中证港股通科技ETF,港股通科技ETF海富通,海富通中证港股通科技交易型开放式指数证券投资基金,931573.CSI,中证港股通科技指数,20210702,SH
513870.SH,富国纳斯达克100ETF(QDII),纳指ETF富国,富国纳斯达克100交易型开放式指数证券投资基金(QDII),NDX.NASDAQ,纳斯达克100指数,20231102,SH
513880.SH,华安日经225ETF,日经225ETF华安,华安三菱日联日经225交易型开放式指数证券投资基金(QDII),N225.JT,日经225指数,20190625,SH
513890.SH,摩根恒生科技ETF(QDII),恒生科技ETF摩根,摩根恒生科技交易型开放式指数证券投资基金(QDII),HSTECH.HI,恒生科技指数,20220121,SH
513900.SH,华安CES港股通精选100ETF,港股通100ETF华安,华安CES港股通精选100交易型开放式指数证券投资基金,CES100.OTH,中华交易服务港股通精选100指数,20180525,SH
513910.SH,华夏中证港股通央企红利ETF,港股通央企红利ETF华夏,华夏中证港股通央企红利交易型开放式指数证券投资基金,931233.CSI,中证港股通央企红利指数,20240304,SH
513920.SH,华安恒生港股通中国央企红利ETF,港股通央企红利ETF华安,华安恒生港股通中国央企红利交易型开放式指数证券投资基金,HSSCSOY.HI,恒生港股通中国央企红利指数,20240105,SH
513930.SH,华泰柏瑞恒生生物科技ETF,恒生生物科技ETF华泰柏瑞,华泰柏瑞恒生生物科技交易型开放式指数证券投资基金,HSBIO.HI,恒生生物科技指数,20260318,SH
513950.SH,富国恒生港股通高股息低波动ETF(QDII),恒生红利ETF富国,富国恒生港股通高股息低波动交易型开放式指数证券投资基金(QDII),HSHYLV.HI,恒生港股通高股息低波动指数,20230428,SH
513970.SH,景顺长城恒生消费ETF(QDII),恒生消费ETF景顺,景顺长城恒生消费交易型开放式指数证券投资基金(QDII),HSCGSI.HI,恒生消费指数,20230421,SH
513980.SH,景顺长城中证港股通科技ETF,港股科技ETF景顺,景顺长城中证港股通科技交易型开放式指数证券投资基金,931573.CSI,中证港股通科技指数,20210702,SH
513990.SH,招商上证港股通ETF,港股通ETF招商,招商上证港股通交易型开放式指数证券投资基金,H50069.CSI,上证港股通指数,20200818,SH
515000.SH,华宝中证科技龙头ETF,科技ETF华宝,华宝中证科技龙头交易型开放式指数证券投资基金,931087.CSI,中证科技龙头指数,20190816,SH
515010.SH,华夏中证全指证券公司ETF,证券ETF华夏,华夏中证全指证券公司交易型开放式指数证券投资基金,399975.SZ,中证全指证券公司指数,20191107,SH
515020.SH,华夏中证银行ETF,银行ETF华夏,华夏中证银行交易型开放式指数证券投资基金,399986.SZ,中证银行指数,20191203,SH
515030.SH,华夏中证新能源汽车ETF,新能源车ETF华夏,华夏中证新能源汽车交易型开放式指数证券投资基金,399976.SZ,中证新能源汽车指数,20200304,SH
515050.SH,华夏中证5G通信主题ETF,通信ETF华夏,华夏中证5G通信主题交易型开放式指数证券投资基金,931079.CSI,中证5G通信主题指数,20191016,SH
515060.SH,华夏中证全指房地产ETF,房地产ETF华夏,华夏中证全指房地产交易型开放式指数证券投资基金,931775.CSI,中证全指房地产指数,20200103,SH
515070.SH,华夏中证人工智能主题ETF,人工智能ETF华夏,华夏中证人工智能主题交易型开放式指数证券投资基金,930713.CSI,中证人工智能主题指数,20191224,SH
515080.SH,招商中证红利ETF,中证红利ETF招商,招商中证红利交易型开放式指数证券投资基金,000922.CSI,中证红利指数,20191227,SH
515090.SH,博时可持续发展100ETF,可持续发展ETF博时,博时中证可持续发展100交易型开放式指数证券投资基金,931268.CSI,中证可持续发展100指数,20200220,SH
515100.SH,景顺长城中证红利低波动100ETF,红利低波100ETF景顺,景顺长城中证红利低波动100交易型开放式指数证券投资基金,930955.CSI,中证红利低波动100指数,20200703,SH
515110.SH,易方达中证国企一带一路ETF,一带一路ETF易方达,易方达中证国企一带一路交易型开放式指数证券投资基金,000859.CSI,中证国企一带一路指数,20200115,SH
515120.SH,广发创新药ETF,创新药ETF广发,广发中证创新药产业交易型开放式指数证券投资基金,931152.CSI,中证创新药产业指数,20210104,SH
515130.SH,博时沪深300ETF,沪深300ETF博时,博时沪深300交易型开放式指数证券投资基金,000300.SH,沪深300指数,20200511,SH
515150.SH,富国中证国企一带一路ETF,一带一路ETF富国,富国中证国企一带一路交易型开放式指数证券投资基金,000859.CSI,中证国企一带一路指数,20200115,SH
515160.SH,招商MSCI中国A股国际通ETF,MSCI中国ETF招商,招商MSCI中国A股国际通交易型开放式指数证券投资基金,716567.MI,MSCI中国A股国际通(人民币)指数,20200302,SH
515170.SH,华夏中证细分食品饮料产业主题ETF,食品饮料ETF华夏,华夏中证细分食品饮料产业主题交易型开放式指数证券投资基金,000815.CSI,中证细分食品饮料产业主题指数,20210113,SH
515180.SH,易方达中证红利ETF,红利ETF易方达,易方达中证红利交易型开放式指数证券投资基金,000922.CSI,中证红利指数,20191220,SH
515190.SH,中银证券中证500ETF,中证500ETF中银证券,中银证券中证500交易型开放式指数证券投资基金,000905.SH,中证小盘500指数,20200527,SH
515200.SH,申万菱信中证研发创新100ETF,创新100ETF申万菱信,申万菱信中证研发创新100交易型开放式指数证券投资基金,931159.CSI,中证研发创新100指数,20191115,SH
515210.SH,国泰中证钢铁ETF,钢铁ETF国泰,国泰中证钢铁交易型开放式指数证券投资基金,930606.CSI,中证钢铁指数,20200302,SH
515220.SH,国泰中证煤炭ETF,煤炭ETF国泰,国泰中证煤炭交易型开放式指数证券投资基金,399998.SZ,中证煤炭指数,20200302,SH
515230.SH,国泰中证全指软件ETF,软件ETF国泰,国泰中证全指软件交易型开放式指数证券投资基金,H30202.CSI,中证全指软件指数,20210302,SH
515250.SH,富国中证智能汽车主题ETF,智能汽车ETF富国,富国中证智能汽车主题交易型开放式指数证券投资基金,930721.CSI,中证智能汽车主题指数,20210108,SH
515260.SH,华宝中证电子50ETF,电子ETF华宝,华宝中证电子50交易型开放式指数证券投资基金,931461.CSI,中证电子50指数,20200731,SH
515290.SH,天弘中证银行ETF,银行ETF天弘,天弘中证银行交易型开放式指数证券投资基金,399986.SZ,中证银行指数,20201228,SH
515300.SH,嘉实沪深300红利低波动ETF,300红利低波ETF嘉实,嘉实沪深300红利低波动交易型开放式指数证券投资基金,930740.CSI,沪深300红利低波动指数,20190919,SH
515310.SH,添富沪深300ETF,沪深300ETF汇添富,汇添富沪深300交易型开放式指数证券投资基金,000300.SH,沪深300指数,20191225,SH
515320.SH,华安中证电子50ETF,电子50ETF华安,华安中证电子50交易型开放式指数证券投资基金,931461.CSI,中证电子50指数,20210108,SH
515330.SH,天弘沪深300ETF,沪深300ETF天弘,天弘沪深300交易型开放式指数证券投资基金,000300.SH,沪深300指数,20191226,SH
515350.SH,民生加银沪深300ETF,沪深300ETF民生加银,民生加银沪深300交易型开放式指数证券投资基金,000300.SH,沪深300指数,20200207,SH
515360.SH,方正富邦沪深300ETF,沪深300ETF方正富邦,方正富邦沪深300交易型开放式指数证券投资基金,000300.SH,沪深300指数,20191101,SH
515370.SH,华夏中证光伏产业ETF,光伏ETF华夏,华夏中证光伏产业交易型开放式指数证券投资基金,931151.CSI,中证光伏产业指数,20251118,SH
515380.SH,泰康300,沪深300ETF泰康,泰康沪深300交易型开放式指数证券投资基金,000300.SH,沪深300指数,20200323,SH
515390.SH,华安沪深300ETF,沪深300ETF华安,华安沪深300交易型开放式指数证券投资基金,000300.SH,沪深300指数,20200110,SH
515400.SH,富国中证大数据产业ETF,大数据ETF富国,富国中证大数据产业交易型开放式指数证券投资基金,930902.CSI,中证大数据产业指数,20210120,SH
515450.SH,南方标普中国A股大盘红利低波50ETF,红利低波50ETF南方,南方标普中国A股大盘红利低波50交易型开放式指数证券投资基金,SPCLLHCP.OTH,标普中国A股大盘红利低波50指数,20200226,SH
515460.SH,南方中证全指红利质量ETF,红利质量ETF南方,南方中证全指红利质量交易型开放式指数证券投资基金,932315.CSI,中证全指红利质量指数,20260316,SH
515530.SH,泰康500,中证500ETF泰康,泰康中证500交易型开放式指数证券投资基金,000905.SH,中证小盘500指数,20201109,SH
515550.SH,国联中证500ETF,中证500ETF国联,国联中证500交易型开放式指数证券投资基金,000905.SH,中证小盘500指数,20191225,SH
515560.SH,建信中证全指证券公司ETF,证券ETF建信,建信中证全指证券公司交易型开放式指数证券投资基金,399975.SZ,中证全指证券公司指数,20200720,SH
515580.SH,华泰柏瑞中证科技100ETF,科技100ETF华泰柏瑞,华泰柏瑞中证科技100交易型开放式指数证券投资基金,931187.CSI,中证科技100指数,20191028,SH
515590.SH,前海开源中证500等权ETF,500等权ETF前海开源,前海开源中证500等权重交易型开放式指数证券投资基金,000982.SH,中证500等权重指数,20200120,SH
515600.SH,广发中证央企创新驱动ETF,央企创新ETF广发,广发中证央企创新驱动交易型开放式指数证券投资基金,000861.CSI,中证央企创新驱动指数,20191218,SH
515630.SH,保险证券,证券保险ETF鹏华,鹏华中证800证券保险交易型开放式指数证券投资基金,399966.SZ,中证800证券保险指数,20200403,SH
515640.SH,华夏中证全指家用电器ETF,家电ETF华夏,华夏中证全指家用电器交易型开放式指数证券投资基金,930697.CSI,中证全指家用电器指数,20260424,SH
515650.SH,富国中证消费50ETF,消费50ETF富国,富国中证消费50交易型开放式指数证券投资基金,931139.CSI,中证消费50指数,20191111,SH
515660.SH,国联安沪深300ETF,沪深300ETF国联安,国联安沪深300交易型开放式指数证券投资基金,000300.SH,沪深300指数,20191224,SH
515680.SH,嘉实央企创新驱动ETF,央企创新ETF嘉实,嘉实中证央企创新驱动交易型开放式指数证券投资基金,000861.CSI,中证央企创新驱动指数,20191218,SH
515700.SH,平安中证新能源汽车产业ETF,新能源车ETF平安,平安中证新能源汽车产业交易型开放式指数证券投资基金,930997.CSI,中证新能源汽车产业指数,20200210,SH
515710.SH,华宝中证细分食品饮料产业主题ETF,食品饮料ETF华宝,华宝中证细分食品饮料产业主题交易型开放式指数证券投资基金,000815.CSI,中证细分食品饮料产业主题指数,20210107,SH
515720.SH,富国中证金融科技主题ETF,金融科技ETF富国,富国中证金融科技主题交易型开放式指数证券投资基金,930986.CSI,中证金融科技主题指数,20251009,SH
515730.SH,家居家电ETF永赢,家居家电ETF永赢,永赢中证家居家电交易型开放式指数证券投资基金,931241.CSI,中证家居家电指数,20251125,SH
515750.SH,富国中证科技50策略ETF,科技50ETF富国,富国中证科技50策略交易型开放式指数证券投资基金,931186.CSI,中证科技50策略指数,20191206,SH
515760.SH,华夏中证浙江国资创新发展ETF,浙江国资ETF华夏,华夏中证浙江国资创新发展交易型开放式指数证券投资基金,931372.CSI,中证浙江国资创新发展指数,20201012,SH
515770.SH,摩根MSCI中国A股ETF,MSCI中国A股ETF摩根,摩根MSCI中国A股交易型开放式指数证券投资基金,718711.MI,MSCI中国A股人民币指数,20200619,SH
515790.SH,华泰柏瑞中证光伏产业ETF,光伏ETF华泰柏瑞,华泰柏瑞中证光伏产业交易型开放式指数证券投资基金,931151.CSI,中证光伏产业指数,20201218,SH
515800.SH,添富中证800ETF,中证800ETF汇添富,中证800交易型开放式指数证券投资基金,000906.SH,中证800指数,20191216,SH
515810.SH,易方达中证800ETF,中证800ETF易方达,易方达中证800交易型开放式指数证券投资基金,000906.SH,中证800指数,20191025,SH
515850.SH,富国中证全指证券公司ETF,证券ETF富国,富国中证全指证券公司交易型开放式指数证券投资基金,399975.SZ,中证全指证券公司指数,20200221,SH
515860.SH,嘉实新兴科技100ETF,科技ETF嘉实,嘉实中证新兴科技100策略交易型开放式指数证券投资基金,931165.CSI,中证新兴科技100策略指数,20191022,SH
515880.SH,国泰中证全指通信设备ETF,通信ETF国泰,国泰中证全指通信设备交易型开放式指数证券投资基金,931160.CSI,中证全指通信设备指数,20190906,SH
515890.SH,博时中证红利ETF,红利ETF博时,博时中证红利交易型开放式指数证券投资基金,000922.CSI,中证红利指数,20200420,SH
515900.SH,博时央企创新ETF,央企创新ETF博时,博时中证央企创新驱动交易型开放式指数证券投资基金,000861.CSI,中证央企创新驱动指数,20191218,SH
515910.SH,质量ETF,质量ETF中金,中金MSCI中国A股国际质量交易型开放式指数证券投资基金,707717L.MI,MSCI中国A股国际公司质量指数(本币),20210226,SH
515920.SH,博时智能消费ETF,智能消费ETF博时,博时中证智能消费主题交易型开放式指数证券投资基金,930648.CSI,中证智能消费主题指数,20210120,SH
515950.SH,富国中证医药50ETF,医药50ETF富国,富国中证医药50交易型开放式指数证券投资基金,931140.CSI,中证医药50指数,20200401,SH
515960.SH,嘉实医药健康100ETF,医药ETF嘉实,嘉实中证医药健康100策略交易型开放式指数证券投资基金,931166.CSI,中证医药健康100策略指数,20200610,SH
515970.SH,华夏中证工程机械主题ETF,工程机械ETF华夏,华夏中证工程机械主题交易型开放式指数证券投资基金,931752.CSI,中证工程机械主题指数,20260212,SH
515980.SH,华富中证人工智能产业ETF,人工智能ETF华富,华富中证人工智能产业交易型开放式指数证券投资基金,931071.CSI,中证人工智能产业指数,20200210,SH
515990.SH,添富中证国企一带一路ETF,一带一路ETF汇添富,汇添富中证国企一带一路交易型开放式指数证券投资基金,000859.CSI,中证国企一带一路指数,20200115,SH
516000.SH,华夏中证大数据产业ETF,大数据ETF华夏,华夏中证大数据产业交易型开放式指数证券投资基金,930902.CSI,中证大数据产业指数,20210301,SH
516010.SH,国泰中证动漫游戏ETF,游戏ETF国泰,国泰中证动漫游戏交易型开放式指数证券投资基金,930901.CSI,中证动漫游戏指数,20210305,SH
516020.SH,华宝化工ETF,化工ETF华宝,华宝中证细分化工产业主题交易型开放式指数证券投资基金,000813.CSI,中证细分化工产业主题指数,20210308,SH
516050.SH,科技龙头ETF工银,科技龙头ETF工银,工银瑞信中证科技龙头交易型开放式指数证券投资基金,931087.CSI,中证科技龙头指数,20210205,SH
516060.SH,创新药ETF工银,创新药ETF工银,工银瑞信中证创新药产业交易型开放式指数证券投资基金,931152.CSI,中证创新药产业指数,20210301,SH
516070.SH,易方达中证内地低碳经济主题ETF,低碳ETF易方达,易方达中证内地低碳经济主题交易型开放式指数证券投资基金,000977.CSI,中证内地低碳经济主题指数,20210423,SH
516080.SH,易方达中证创新药产业ETF,创新药ETF易方达,易方达中证创新药产业交易型开放式指数证券投资基金,931152.CSI,中证创新药产业指数,20210223,SH
516090.SH,易方达中证新能源ETF,新能源ETF易方达,易方达中证新能源交易型开放式指数证券投资基金,399808.SZ,中证新能源指数,20210319,SH
516100.SH,华夏中证金融科技主题ETF,金融科技ETF华夏,华夏中证金融科技主题交易型开放式指数证券投资基金,930986.CSI,中证金融科技主题指数,20210723,SH
516110.SH,国泰中证800汽车与零部件ETF,汽车ETF国泰,国泰中证800汽车与零部件交易型开放式指数证券投资基金,H30015.CSI,中证800汽车与零部件指数,20210507,SH
516120.SH,富国中证细分化工产业主题ETF,化工ETF富国,富国中证细分化工产业主题交易型开放式指数证券投资基金,000813.CSI,中证细分化工产业主题指数,20210309,SH
516130.SH,华宝消费龙头ETF,消费龙头ETF华宝,华宝中证消费龙头交易型开放式指数证券投资基金,931068.CSI,中证消费龙头指数,20211013,SH
516150.SH,嘉实中证稀土产业ETF,稀土ETF嘉实,嘉实中证稀土产业交易型开放式指数证券投资基金,930598.CSI,中证稀土产业指数,20210317,SH
516160.SH,南方中证新能源ETF,新能源ETF南方,南方中证新能源交易型开放式指数证券投资基金,399808.SZ,中证新能源指数,20210204,SH
516180.SH,平安中证光伏产业ETF,光伏ETF平安,平安中证光伏产业交易型开放式指数证券投资基金,931151.CSI,中证光伏产业指数,20210303,SH
516190.SH,华夏中证文娱传媒ETF,传媒ETF华夏,华夏中证文娱传媒交易型开放式指数证券投资基金,H30365.CSI,中证文娱传媒指数,20210917,SH
516200.SH,华安中证全指证券公司ETF,证券ETF华安,华安中证全指证券公司交易型开放式指数证券投资基金,399975.SZ,中证全指证券公司指数,20210322,SH
516210.SH,华安中证银行ETF,银行ETF华安,华安中证银行交易型开放式指数证券投资基金,399986.SZ,中证银行指数,20210924,SH
516220.SH,国泰中证细分化工产业主题ETF,化工ETF国泰,国泰中证细分化工产业主题交易型开放式指数证券投资基金,000813.CSI,中证细分化工产业主题指数,20210310,SH
516230.SH,招商中证光伏产业ETF,光伏ETF招商,招商中证光伏产业交易型开放式指数证券投资基金,931151.CSI,中证光伏产业指数,20260203,SH
516250.SH,富国中证工程机械主题ETF,工程机械ETF富国,富国中证工程机械主题交易型开放式指数证券投资基金,931752.CSI,中证工程机械主题指数,20251222,SH
516260.SH,华夏中证物联网主题ETF,物联网ETF华夏,华夏中证物联网主题交易型开放式指数证券投资基金,930712.CSI,中证物联网主题指数,20210802,SH
516270.SH,华安中证内地新能源主题ETF,新能源ETF华安,华安中证内地新能源主题交易型开放式指数证券投资基金,000941.CSI,中证内地新能源主题指数,20210723,SH
516290.SH,汇添富中证光伏产业ETF,光伏ETF汇添富,汇添富中证光伏产业交易型开放式指数证券投资基金,931151.CSI,中证光伏产业指数,20210823,SH
516300.SH,华泰柏瑞中证1000ETF,中证1000ETF华泰柏瑞,华泰柏瑞中证1000交易型开放式指数证券投资基金,000852.SH,中证1000指数,20210324,SH
516310.SH,易方达中证银行ETF,银行ETF易方达,易方达中证银行交易型开放式指数证券投资基金,399986.SZ,中证银行指数,20210528,SH
516320.SH,华夏中证装备产业ETF,高端装备ETF华夏,华夏中证装备产业交易型开放式指数证券投资基金,H11054.CSI,中证装备产业指数,20210608,SH
516330.SH,华泰柏瑞中证物联网主题ETF,物联网ETF华泰柏瑞,华泰柏瑞中证物联网主题交易型开放式指数证券投资基金,930712.CSI,中证物联网主题指数,20210409,SH
516350.SH,易方达中证芯片产业ETF,芯片ETF易方达,易方达中证芯片产业交易型开放式指数证券投资基金,H30007.CSI,中证芯片产业指数,20211223,SH
516360.SH,华宝新材料ETF,新材料ETF华宝,华宝中证新材料主题交易型开放式指数证券投资基金,H30597.CSI,中证新材料主题指数,20210513,SH
516370.SH,汇添富中证全指电力公用事业ETF,电力ETF汇添富,汇添富中证全指电力公用事业交易型开放式指数证券投资基金,H30199.CSI,中证全指电力公用事业指数,20260403,SH
516380.SH,华宝智能电动汽车ETF,智能电动车ETF华宝,华宝中证智能电动汽车交易型开放式指数证券投资基金,H11052.CSI,中证智能电动汽车指数,20210618,SH
516390.SH,汇添富中证新能源汽车产业ETF,新能源车ETF汇添富,汇添富中证新能源汽车产业交易型开放式指数证券投资基金,930997.CSI,中证新能源汽车产业指数,20210618,SH
516460.SH,鹏华中证800自由现金流ETF,现金流ETF800鹏华,鹏华中证800自由现金流交易型开放式指数证券投资基金,932368.CSI,中证800自由现金流指数,20250428,SH
516500.SH,华夏中证生物科技主题ETF,生物科技ETF华夏,华夏中证生物科技主题交易型开放式指数证券投资基金,930743.CSI,中证生物科技主题指数,20210317,SH
516510.SH,易方达中证云计算与大数据主题ETF,云计算ETF易方达,易方达中证云计算与大数据主题交易型开放式指数证券投资基金,930851.CSI,中证云计算与大数据主题指数,20210407,SH
516520.SH,华泰柏瑞中证智能汽车主题ETF,智能驾驶ETF华泰柏瑞,华泰柏瑞中证智能汽车主题交易型开放式指数证券投资基金,930721.CSI,中证智能汽车主题指数,20210301,SH
516530.SH,物流快递,物流ETF银华,银华中证现代物流交易型开放式指数证券投资基金,930716.CSI,中证现代物流指数,20220117,SH
516550.SH,嘉实中证大农业ETF,农业ETF嘉实,嘉实中证大农业交易型开放式指数证券投资基金,399814.SZ,中证大农业指数,20210408,SH
516560.SH,华宝养老ETF,养老ETF华宝,华宝中证养老产业交易型开放式指数证券投资基金,399812.SZ,中证养老产业指数,20210916,SH
516570.SH,易方达中证石化产业ETF,化工行业ETF易方达,易方达中证石化产业交易型开放式指数证券投资基金,H11057.CSI,中证石化产业指数,20210618,SH
516580.SH,博时新能源ETF,新能源ETF博时,博时中证新能源交易型开放式指数证券投资基金,399808.SZ,中证新能源指数,20210726,SH
516590.SH,易方达中证智能电动汽车ETF,智能汽车ETF易方达,易方达中证智能电动汽车交易型开放式指数证券投资基金,H11052.CSI,中证智能电动汽车指数,20210512,SH
516600.SH,消费服务ETF工银,消费服务ETF工银,工银瑞信中证消费服务领先交易型开放式指数证券投资基金,000806.CSI,中证消费服务领先指数,20210226,SH
516610.SH,医服ETF,医疗设备ETF大成,大成中证全指医疗保健设备与服务交易型开放式指数证券投资基金,H30178.CSI,中证全指医疗保健设备与服务指数,20210513,SH
516620.SH,国泰中证影视主题ETF,影视ETF国泰,国泰中证影视主题交易型开放式指数证券投资基金,930781.CSI,中证影视主题指数,20211105,SH
516630.SH,华夏中证云计算与大数据主题ETF,云计算ETF华夏,华夏中证云计算与大数据主题交易型开放式指数证券投资基金,930851.CSI,中证云计算与大数据主题指数,20210903,SH
516640.SH,富国中证芯片产业ETF,芯片ETF富国,富国中证芯片产业交易型开放式指数证券投资基金,H30007.CSI,中证芯片产业指数,20210827,SH
516650.SH,华夏中证细分有色金属产业主题ETF,有色金属ETF华夏,华夏中证细分有色金属产业主题交易型开放式指数证券投资基金,000811.CSI,中证细分有色金属产业主题指数,20210621,SH
516660.SH,华安中证新能源汽车ETF,新能源车ETF华安,华安中证新能源汽车交易型开放式指数证券投资基金,399976.SZ,中证新能源汽车指数,20210226,SH
516670.SH,招商中证畜牧养殖ETF,畜牧养殖ETF招商,招商中证畜牧养殖交易型开放式指数证券投资基金,930707.CSI,中证畜牧养殖指数,20210326,SH
516700.SH,华宝大数据ETF,大数据ETF华宝,华宝中证大数据产业交易型开放式指数证券投资基金,930902.CSI,中证大数据产业指数,20210519,SH
516710.SH,华夏中证新材料主题ETF,新材料ETF华夏,华夏中证新材料主题交易型开放式指数证券投资基金,H30597.CSI,中证新材料主题指数,20210817,SH
516720.SH,浦银安盛中证ESG120策略ETF,ESGETF浦银,浦银安盛中证ESG120策略交易型开放式指数证券投资基金,931476.CSI,中证ESG120策略指数,20210813,SH
516730.SH,浦银安盛中证证券公司30ETF,证券ETF浦银,浦银安盛中证证券公司30交易型开放式指数证券投资基金,931412.CSI,中证证券公司30指数,20211112,SH
516750.SH,富国中证全指建筑材料ETF,建材ETF富国,富国中证全指建筑材料交易型开放式指数证券投资基金,931009.CSI,中证全指建筑材料指数,20211105,SH
516760.SH,平安中证畜牧养殖ETF,养殖ETF平安,平安中证畜牧养殖交易型开放式指数证券投资基金,930707.CSI,中证畜牧养殖指数,20210312,SH
516770.SH,华泰柏瑞中证动漫游戏ETF,游戏ETF华泰柏瑞,华泰柏瑞中证动漫游戏交易型开放式指数证券投资基金,930901.CSI,中证动漫游戏指数,20210305,SH
516780.SH,华泰柏瑞中证稀土产业ETF,稀土ETF华泰柏瑞,华泰柏瑞中证稀土产业交易型开放式指数证券投资基金,930598.CSI,中证稀土产业指数,20210308,SH
516790.SH,华泰柏瑞中证全指医疗保健设备与服务ETF,医疗ETF华泰柏瑞,华泰柏瑞中证全指医疗保健设备与服务交易型开放式指数证券投资基金,H30178.CSI,中证全指医疗保健设备与服务指数,20210823,SH
516800.SH,华宝中证智能制造主题ETF,智能制造ETF华宝,华宝中证智能制造主题交易型开放式指数证券投资基金,930850.CSI,中证智能制造主题指数,20210219,SH
516810.SH,华夏中证农业主题ETF,农业ETF华夏,华夏中证农业主题交易型开放式指数证券投资基金,000949.CSI,中证农业主题指数,20220111,SH
516820.SH,平安中证医疗创新ETF,医疗创新ETF平安,平安中证医药及医疗器械创新交易型开放式指数证券投资基金,931484.CSI,中证医药及医疗器械创新指数,20210701,SH
516830.SH,富国沪深300ESG基准ETF,沪深300ESGETF富国,富国沪深300ESG基准交易型开放式指数证券投资基金,931463.CSI,沪深300ESG基准指数,20210705,SH
516840.SH,南方中证全指汽车ETF,汽车ETF南方,南方中证全指汽车交易型开放式指数证券投资基金,931008.CSI,中证全指汽车指数,20260513,SH
516850.SH,华夏中证新能源ETF,新能源ETF华夏,华夏中证新能源交易型开放式指数证券投资基金,399808.SZ,中证新能源指数,20210319,SH
516860.SH,博时金融科技ETF,金融科技ETF博时,博时中证金融科技主题交易型开放式指数证券投资基金,930986.CSI,中证金融科技主题指数,20211011,SH
516880.SH,光伏50,光伏ETF银华,银华中证光伏产业交易型开放式指数证券投资基金,931151.CSI,中证光伏产业指数,20210118,SH
516890.SH,平安中证新材料主题ETF,新材料ETF平安,平安中证新材料主题交易型开放式指数证券投资基金,H30597.CSI,中证新材料主题指数,20210728,SH
516900.SH,华安中证申万食品饮料ETF,食品饮料ETF华安,华安中证申万食品饮料交易型开放式指数证券投资基金,000807.CSI,中证申万食品饮料指数,20210428,SH
516910.SH,富国中证现代物流ETF,物流ETF富国,富国中证现代物流交易型开放式指数证券投资基金,930716.CSI,中证现代物流指数,20210611,SH
516920.SH,汇添富中证芯片产业ETF,芯片ETF汇添富,汇添富中证芯片产业交易型开放式指数证券投资基金,H30007.CSI,中证芯片产业指数,20210816,SH
516930.SH,生物科技ETF基金,生物科技ETF民生加银,民生加银中证生物科技主题交易型开放式指数证券投资基金,930743.CSI,中证生物科技主题指数,20210818,SH
516950.SH,基建ETF,基建ETF银华,银华中证基建交易型开放式指数证券投资基金,930608.CSI,中证基建指数,20210514,SH
516960.SH,国泰中证细分机械设备产业主题ETF,机械ETF国泰,国泰中证细分机械设备产业主题交易型开放式指数证券投资基金,000812.CSI,中证细分机械设备产业主题指数,20210507,SH
516970.SH,广发中证基建工程ETF,基建ETF广发,广发中证基建工程交易型开放式指数证券投资基金,399995.SZ,中证基建工程指数,20210705,SH
516980.SH,华富中证证券公司先锋策略ETF,证券先锋ETF华富,华富中证证券公司先锋策略交易型开放式指数证券投资基金,931402.CSI,中证证券公司先锋策略指数,20210624,SH
517000.SH,沪港深,沪港深500ETF银华,银华中证沪港深500交易型开放式指数证券投资基金,H30455.CSI,中证沪港深500指数,20210305,SH
517010.SH,易方达中证沪港深500ETF,沪港深500ETF易方达,易方达中证沪港深500交易型开放式指数证券投资基金,H30455.CSI,中证沪港深500指数,20210812,SH
517030.SH,易方达中证沪港深300ETF,沪港深300ETF易方达,易方达中证沪港深300交易型开放式指数证券投资基金,931395.CSI,中证沪港深300指数,20210927,SH
517050.SH,华泰柏瑞中证沪港深互联网ETF,互联网ETF华泰柏瑞,华泰柏瑞中证沪港深互联网交易型开放式指数证券投资基金,930625.CSI,中证沪港深互联网指数,20210208,SH
517080.SH,汇添富中证沪港深500ETF,沪港深500ETF汇添富,汇添富中证沪港深500交易型开放式指数证券投资基金,H30455.CSI,中证沪港深500指数,20210222,SH
517090.SH,国泰富时中国国企开放共赢ETF,央企共赢ETF国泰,国泰富时中国国企开放共赢交易型开放式指数证券投资基金,GPCCH003.OTH,富时中国国企开放共赢指数,20211228,SH
517100.SH,富国中证沪港深500ETF,沪港深500ETF富国,富国中证沪港深500交易型开放式指数证券投资基金,H30455.CSI,中证沪港深500指数,20210302,SH
517110.SH,国泰中证沪港深创新药产业ETF,创新药ETF国泰,国泰中证沪港深创新药产业交易型开放式指数证券投资基金,931409.CSI,中证沪港深创新药产业指数,20210930,SH
517120.SH,华泰柏瑞中证沪港深创新药产业ETF,创新药ETF华泰柏瑞,华泰柏瑞中证沪港深创新药产业交易型开放式指数证券投资基金,931409.CSI,中证沪港深创新药产业指数,20210719,SH
517160.SH,南方中证长江保护主题ETF,长江保护ETF南方,南方中证长江保护主题交易型开放式指数证券投资基金,931554.CSI,中证长江保护主题指数,20220105,SH
517170.SH,华夏中证沪港深500ETF,沪港深500ETF华夏,华夏中证沪港深500交易型开放式指数证券投资基金,H30455.CSI,中证沪港深500指数,20210420,SH
517180.SH,南方富时中国国企开放共赢ETF,中国国企ETF南方,南方富时中国国企开放共赢交易型开放式指数证券投资基金,GPCCH003.OTH,富时中国国企开放共赢指数,20211228,SH
517200.SH,嘉实中证沪港深互联网ETF,互联网ETF嘉实,嘉实中证沪港深互联网交易型开放式指数证券投资基金,930625.CSI,中证沪港深互联网指数,20210208,SH
517300.SH,国寿安保中证沪港深300ETF,沪港深300ETF国寿,国寿安保中证沪港深300交易型开放式指数证券投资基金,931395.CSI,中证沪港深300指数,20210224,SH
517330.SH,易方达中证长江保护主题ETF,长江保护ETF易方达,易方达中证长江保护主题交易型开放式指数证券投资基金,931554.CSI,中证长江保护主题指数,20220105,SH
517350.SH,广发中证沪港深科技龙头ETF,沪港深科技ETF广发,广发中证沪港深科技龙头交易型开放式指数证券投资基金,931524.CSI,中证沪港深科技龙头指数,20210603,SH
517360.SH,华安中证沪港深科技100ETF,沪港深科技ETF华安,华安中证沪港深科技100交易型开放式指数证券投资基金,931442.CSI,中证沪港深科技100指数,20210705,SH
517380.SH,天弘恒生沪深港创新药精选50ETF,创新药ETF天弘,天弘恒生沪深港创新药精选50交易型开放式指数证券投资基金,HSSSHID.HI,恒生沪深港创新药精选50指数,20210809,SH
517390.SH,天弘中证沪港深云计算产业ETF,云计算ETF天弘,天弘中证沪港深云计算产业交易型开放式指数证券投资基金,931470.CSI,中证沪港深云计算产业指数,20211223,SH
517400.SH,国泰中证沪深港黄金产业股票ETF,黄金股ETF国泰,国泰中证沪深港黄金产业股票交易型开放式指数证券投资基金,931238.CSI,中证沪深港黄金产业股票指数,20240508,SH
517520.SH,黄金股ETF永赢,黄金股ETF永赢,永赢中证沪深港黄金产业股票交易型开放式指数证券投资基金,931238.CSI,中证沪深港黄金产业股票指数,20231101,SH
517550.SH,招商中证沪港深消费龙头ETF,沪港深消费龙头ETF招商,招商中证沪港深消费龙头交易型开放式指数证券投资基金,931663.CSI,中证沪港深消费龙头指数,20220208,SH
517660.SH,天弘中证沪港深物联网主题ETF,物联网ETF天弘,天弘中证沪港深物联网主题交易型开放式指数证券投资基金,931575.CSI,中证沪港深物联网主题指数,20211025,SH
517770.SH,浦银安盛中证沪港深游戏及文化传媒ETF,游戏传媒ETF浦银,浦银安盛中证沪港深游戏及文化传媒交易型开放式指数证券投资基金,931580.CSI,中证沪港深游戏及文化传媒指数,20211203,SH
517800.SH,方正富邦沪港深人工智能50ETF,人工智能50ETF方正富邦,方正富邦中证沪港深人工智能50交易型开放式指数证券投资基金,931487.CSI,中证沪港深人工智能50指数,20210826,SH
517850.SH,汇添富中证沪港深张江自主创新50ETF,张江ETF汇添富,汇添富中证沪港深张江自主创新50交易型开放式指数证券投资基金,931596.CSI,中证沪港深张江自主创新50指数,20220516,SH
517880.SH,华泰柏瑞中证沪港深品牌消费50ETF,品牌消费ETF华泰柏瑞,华泰柏瑞中证沪港深品牌消费50交易型开放式指数证券投资基金,931404.CSI,中证沪港深品牌消费50指数,20211201,SH
517900.SH,招商中证银行AH价格优选ETF,银行AH优选ETF招商,招商中证银行AH价格优选交易型开放式指数证券投资基金,931039.CSI,中证银行AH价格优选指数,20220325,SH
517950.SH,交银中证智选沪深港科技50ETF,沪深港科技50ETF交银,交银施罗德中证智选沪深港科技50交易型开放式指数证券投资基金,931785.CSI,中证智选沪深港科技50指数,20251218,SH
517990.SH,招商中证沪港深500医药卫生ETF,沪港深医药ETF招商,招商中证沪港深500医药卫生交易型开放式指数证券投资基金,H30463.CSI,中证沪港深500医药卫生指数,20220519,SH
518600.SH,广发上海金ETF,金ETF广发,广发上海金交易型开放式证券投资基金,SHAU.SGE,黄金集中定价(SHAU合约),20200805,SH
518660.SH,黄金ETF工银,黄金ETF工银,工银瑞信黄金交易型开放式证券投资基金,Au99.99.SGE,黄金9999,20200529,SH
518680.SH,富国上海金ETF,金ETF富国,富国上海金交易型开放式证券投资基金,SHAU.SGE,黄金集中定价(SHAU合约),20200728,SH
518800.SH,国泰黄金ETF,黄金ETF国泰,国泰黄金交易型开放式证券投资基金,Au99.99.SGE,黄金9999,20130729,SH
518850.SH,华夏黄金ETF,黄金ETF华夏,华夏黄金交易型开放式证券投资基金,Au99.99.SGE,黄金9999,20200605,SH
518860.SH,建信上海金ETF,上海金ETF建信,建信上海金交易型开放式证券投资基金,SHAU.SGE,黄金集中定价(SHAU合约),20200907,SH
518880.SH,华安黄金ETF,黄金ETF华安,华安易富黄金交易型开放式证券投资基金,Au99.99.SGE,黄金9999,20130729,SH
518890.SH,中银黄金,上海金ETF中银,中银上海金交易型开放式证券投资基金,SHAU.SGE,黄金集中定价(SHAU合约),20200928,SH
520500.SH,华泰柏瑞恒生创新药ETF(QDII),恒生创新药ETF华泰柏瑞,华泰柏瑞恒生创新药交易型开放式指数证券投资基金(QDII),HSIDI.HI,恒生创新药指数,20241227,SH
520510.SH,华夏中证港股通医疗主题ETF,港股通医疗ETF华夏,华夏中证港股通医疗主题交易型开放式指数证券投资基金,932069.CSI,中证港股通医疗主题指数,20250807,SH
520520.SH,华泰柏瑞恒生消费ETF(QDII),恒生消费ETF华泰柏瑞,华泰柏瑞恒生消费交易型开放式指数证券投资基金(QDII),HSCGSI.HI,恒生消费指数,20241101,SH
520530.SH,港股通科技ETF东财,港股通科技ETF东财,东财中证港股通科技交易型开放式指数证券投资基金,931573.CSI,中证港股通科技指数,20251208,SH
520550.SH,招商恒生港股通高股息低波动ETF,港股红利低波ETF招商,招商恒生港股通高股息低波动交易型开放式指数证券投资基金,HSHYLV.HI,恒生港股通高股息低波动指数,20250124,SH
520560.SH,华宝港股通恒生中国(香港上市)30ETF,香港大盘30ETF华宝,华宝港股通恒生中国(香港上市)30交易型开放式指数证券投资基金,HSFML25.HI,恒生中国(香港上市)30指数,20251013,SH
520570.SH,南方恒生科技ETF(QDII),恒生科技ETF南方,南方恒生科技交易型开放式指数证券投资基金(QDII),HSTECH.HI,恒生科技指数,20251117,SH
520580.SH,招商利安新兴亚洲精选ETF(QDII),新兴亚洲ETF招商,招商利安新兴亚洲精选交易型开放式指数证券投资基金(QDII),EMASIAUP.OTH,新交所新兴亚洲精选50指数,20250220,SH
520590.SH,鹏华恒生科技ETF(QDII),恒生科技ETF鹏华,鹏华恒生科技交易型开放式指数证券投资基金(QDII),HSTECH.HI,恒生科技指数,20251201,SH
520600.SH,广发中证港股通汽车ETF,港股通汽车ETF广发,广发中证港股通汽车产业主题交易型开放式指数证券投资基金,931239.CSI,中证港股通汽车产业主题指数,20241230,SH
520610.SH,港红利指,港股红利低波ETF银华,银华标普港股通低波红利交易型开放式指数证券投资基金,SPAHLVCP.OTH,标普港股通低波红利指数,20260209,SH
520620.SH,嘉实恒生消费ETF,恒生消费ETF嘉实,嘉实恒生消费交易型开放式指数证券投资基金,HSCGSI.HI,恒生消费指数,20250819,SH
520630.SH,广发中证港股通互联网ETF,港股通互联网ETF广发,广发中证港股通互联网交易型开放式指数证券投资基金,931637.CSI,中证港股通互联网指数,20251222,SH
520650.SH,南方中证港股通互联网ETF,港股通互联网ETF南方,南方中证港股通互联网交易型开放式指数证券投资基金,931637.CSI,中证港股通互联网指数,20251110,SH
520660.SH,南方中证国新港股通央企红利ETF,港股通央企红利ETF南方,南方中证国新港股通央企红利交易型开放式指数证券投资基金,931722.CSI,中证国新港股通央企红利指数,20240710,SH
520670.SH,嘉实恒生港股通科技主题ETF,港股通科技ETF嘉实,嘉实恒生港股通科技主题交易型开放式指数证券投资基金,HSSCITI.HI,恒生港股通科技主题指数,20250819,SH
520680.SH,南方中证港股通汽车产业主题ETF,港股通汽车ETF南方,南方中证港股通汽车产业主题交易型开放式指数证券投资基金,931239.CSI,中证港股通汽车产业主题指数,20260326,SH
520690.SH,博时恒生港股通创新药精选ETF,港股创新药ETF博时,博时恒生港股通创新药精选交易型开放式指数证券投资基金,HSSCPB.HI,恒生港股通创新药精选指数,20250801,SH
520700.SH,万家中证港股通创新药ETF,港股通创新药ETF万家,万家中证港股通创新药交易型开放式指数证券投资基金,931250.CSI,中证港股通创新药指数,20241014,SH
520720.SH,国泰中证港股通汽车产业主题ETF,港股汽车ETF国泰,国泰中证港股通汽车产业主题交易型开放式指数证券投资基金,931239.CSI,中证港股通汽车产业主题指数,20250925,SH
520730.SH,万家恒生港股通汽车主题ETF,港股通汽车ETF万家,万家恒生港股通汽车主题交易型开放式指数证券投资基金,HSSCAM.HI,恒生港股通汽车主题指数,20260515,SH
520760.SH,摩根恒生生物科技ETF,恒生生物科技ETF摩根,摩根恒生生物科技交易型开放式指数证券投资基金,HSBIO.HI,恒生生物科技指数,20260302,SH
520770.SH,建信恒指港股通ETF,恒指港股通ETF建信,建信恒指港股通交易型开放式指数证券投资基金,HSISC.HI,恒指港股通指数,20260126,SH
520780.SH,华宝中证港股通汽车产业主题ETF,港股通汽车ETF华宝,华宝中证港股通汽车产业主题交易型开放式指数证券投资基金,931239.CSI,中证港股通汽车产业主题指数,20251229,SH
520790.SH,兴业中证港股通互联网ETF,港股通互联网ETF兴业,兴业中证港股通互联网交易型开放式指数证券投资基金,931637.CSI,中证港股通互联网指数,20260330,SH
520810.SH,易方达中证港股通高股息投资ETF,港股通红利ETF易方达,易方达中证港股通高股息投资交易型开放式指数证券投资基金,930914.CSI,中证港股通高股息投资指数,20260112,SH
520820.SH,汇添富恒指港股通ETF,恒指港股通ETF汇添富,汇添富恒指港股通交易型开放式指数证券投资基金,HSISC.HI,恒指港股通指数,20251215,SH
520830.SH,华泰柏瑞南方东英沙特阿拉伯ETF(QDII),沙特ETF华泰柏瑞,华泰柏瑞南方东英沙特阿拉伯交易型开放式指数证券投资基金(QDII),FISAULM.OTH,富时沙特阿拉伯指数,20240716,SH
520840.SH,华安恒生港股通科技主题ETF,港股通恒生科技ETF华安,华安恒生港股通科技主题交易型开放式指数证券投资基金,HSSCITI.HI,恒生港股通科技主题指数,20250825,SH
520850.SH,易方达中证港股通医疗主题ETF,港股通医疗ETF易方达,易方达中证港股通医疗主题交易型开放式指数证券投资基金,932069.CSI,中证港股通医疗主题指数,20260119,SH
520860.SH,富国中证港股通科技ETF,港股通科技ETF富国,富国中证港股通科技交易型开放式指数证券投资基金,931573.CSI,中证港股通科技指数,20250725,SH
520870.SH,易方达伊塔乌巴西IBOVESPAETF(QDII),巴西ETF易方达,易方达伊塔乌巴西IBOVESPA交易型开放式指数证券投资基金(QDII),BOVESPA.OTH,巴西IBOVESPA指数,20251113,SH
520880.SH,华宝恒生港股通创新药精选ETF,港股通创新药ETF华宝,华宝恒生港股通创新药精选交易型开放式指数证券投资基金,HSSCPB.HI,恒生港股通创新药精选指数,20250707,SH
520890.SH,华泰柏瑞恒生港股通高股息低波动ETF,港股通红利低波ETF华泰柏瑞,华泰柏瑞恒生港股通高股息低波动交易型开放式指数证券投资基金,HSHYLV.HI,恒生港股通高股息低波动指数,20240920,SH
520900.SH,广发中证国新港股通央企红利ETF,港股通红利ETF广发,广发中证国新港股通央企红利交易型开放式指数证券投资基金,931722.CSI,中证国新港股通央企红利指数,20240710,SH
520910.SH,华夏中证港股通互联网ETF,港股通互联网ETF华夏,华夏中证港股通互联网交易型开放式指数证券投资基金,931637.CSI,中证港股通互联网指数,20260202,SH
520920.SH,天弘恒生科技ETF,恒生科技ETF天弘,天弘恒生科技交易型开放式指数证券投资基金(QDII),HSTECH.HI,恒生科技指数,20250930,SH
520930.SH,国泰恒生生物科技ETF,恒生生物科技ETF国泰,国泰恒生生物科技交易型开放式指数证券投资基金,HSBIO.HI,恒生生物科技指数,20260224,SH
520940.SH,华安恒指港股通ETF,港股通恒生ETF华安,华安恒指港股通交易型开放式指数证券投资基金,HSISC.HI,恒指港股通指数,20250609,SH
520950.SH,摩根恒生港股通50ETF,港股通50ETF摩根,摩根恒生港股通50交易型开放式指数证券投资基金,HSSC50.HI,恒生港股通50指数,20251125,SH
520960.SH,嘉实恒指港股通ETF,恒指港股通ETF嘉实,嘉实恒指港股通交易型开放式指数证券投资基金,HSISC.HI,恒指港股通指数,20251031,SH
520970.SH,嘉实中证港股通创新药ETF,港股通创新药ETF嘉实,嘉实中证港股通创新药交易型开放式指数证券投资基金,931250.CSI,中证港股通创新药指数,20250807,SH
520980.SH,汇添富恒生港股通中国科技ETF,港股通科技ETF汇添富,汇添富恒生港股通中国科技交易型开放式指数证券投资基金,HSSCT.HI,恒生港股通中国科技指数,20250702,SH
520990.SH,景顺长城中证国新港股通央企红利ETF,港股央企红利ETF景顺,景顺长城中证国新港股通央企红利交易型开放式指数证券投资基金,931722.CSI,中证国新港股通央企红利指数,20240710,SH
526000.SH,华夏中证港股通信息技术综合ETF,港股通信息技术ETF华夏,华夏中证港股通信息技术综合交易型开放式指数证券投资基金,930967.CSI,中证港股通信息技术综合指数,20260410,SH
526010.SH,汇添富中证港股通医疗主题ETF,港股通医疗ETF汇添富,汇添富中证港股通医疗主题交易型开放式指数证券投资基金,932069.CSI,中证港股通医疗主题指数,20260417,SH
526050.SH,招商中证港股通信息技术综合ETF,港股通信息技术ETF招商,招商中证港股通信息技术综合交易型开放式指数证券投资基金,930967.CSI,中证港股通信息技术综合指数,20260430,SH
530000.SH,天弘上证50ETF,上证50ETF天弘,天弘上证50交易型开放式指数证券投资基金,000016.SH,上证50指数,20240913,SH
530050.SH,上证50ETF东财,上证50ETF东财,东财上证50交易型开放式指数证券投资基金,000016.SH,上证50指数,20241204,SH
530060.SH,易方达上证综合ETF,上证指数ETF易方达,易方达上证综合交易型开放式指数证券投资基金,000001.SH,上证综合指数,20260210,SH
530080.SH,天弘上证180ETF,上证180ETF天弘,天弘上证180交易型开放式指数证券投资基金,000010.SH,上证180指数,20250123,SH
530100.SH,易方达上证580ETF,上证580ETF易方达,易方达上证580交易型开放式指数证券投资基金,950580.CSI,上证580指数,20251022,SH
530180.SH,易方达上证180ETF,上证180ETF易方达,易方达上证180交易型开放式指数证券投资基金,000010.SH,上证180指数,20241226,SH
530280.SH,平安上证180ETF,上证180ETF平安,平安上证180交易型开放式指数证券投资基金,000010.SH,上证180指数,20250124,SH
530300.SH,华泰柏瑞上证180ETF,上证180ETF华泰柏瑞,华泰柏瑞上证180交易型开放式指数证券投资基金,000010.SH,上证180指数,20250110,SH
530380.SH,易方达上证380ETF,上证380ETF易方达,易方达上证380交易型开放式指数证券投资基金,000009.SH,上证380指数,20250930,SH
530530.SH,华夏上证580ETF,上证580ETF华夏,华夏上证580交易型开放式指数证券投资基金,950580.CSI,上证580指数,20250829,SH
530580.SH,南方上证180ETF,上证180ETF南方,南方上证180交易型开放式指数证券投资基金,000010.SH,上证180指数,20250108,SH
530680.SH,兴业上证180ETF,上证180ETF兴业,兴业上证180交易型开放式指数证券投资基金,000010.SH,上证180指数,20250108,SH
530800.SH,上180ETF,上证180ETF银华,银华上证180交易型开放式指数证券投资基金,000010.SH,上证180指数,20250127,SH
530880.SH,银河上证国有企业红利ETF,红利国企ETF银河,银河上证国有企业红利交易型开放式指数证券投资基金,000151.SH,上证国有企业红利指数,20241112,SH
551000.SH,博时上证AAA科创债ETF,科创债ETF博时,博时上证AAA科技创新公司债交易型开放式指数证券投资基金,950167.CSI,上证AAA科技创新公司债指数,20250717,SH
551030.SH,鹏华上证AAA科创债ETF,科创债ETF鹏华,鹏华上证AAA科技创新公司债交易型开放式指数证券投资基金,950167.CSI,上证AAA科技创新公司债指数,20250717,SH
551060.SH,中银上证AAA科创债ETF,科创债ETF中银,中银上证AAA科技创新公司债交易型开放式指数证券投资基金,950167.CSI,上证AAA科技创新公司债指数,20250924,SH
551300.SH,摩根上证AAA科技创新公司债ETF,科创债ETF摩根,摩根上证AAA科技创新公司债交易型开放式指数证券投资基金,950167.CSI,上证AAA科技创新公司债指数,20250924,SH
551500.SH,易方达中证AAA科技创新公司债ETF,易方达中证AAA科技创新公司债ETF,易方达中证AAA科技创新公司债交易型开放式指数证券投资基金,932160.CSI,中证AAA科技创新公司债指数,20250717,SH
551510.SH,华泰柏瑞中证AAA科技创新公司债ETF,科创债ETF华泰柏瑞,华泰柏瑞中证AAA科技创新公司债交易型开放式指数证券投资基金,932160.CSI,中证AAA科技创新公司债指数,20250924,SH
551520.SH,汇添富中证AAA科创债ETF,汇添富中证AAA科创债ETF,汇添富中证AAA科技创新公司债交易型开放式指数证券投资基金,932160.CSI,中证AAA科技创新公司债指数,20250924,SH
551550.SH,华夏中证AAA科技创新公司债ETF,华夏中证AAA科技创新公司债ETF,华夏中证AAA科技创新公司债交易型开放式指数证券投资基金,932160.CSI,中证AAA科技创新公司债指数,20250717,SH
551560.SH,兴业中证AAA科技创新公司债ETF,兴业中证AAA科技创新公司债ETF,兴业中证AAA科技创新公司债交易型开放式指数证券投资基金,932160.CSI,中证AAA科技创新公司债指数,20250924,SH
551580.SH,泰康中证AAA科技创新公司债ETF,泰康中证AAA科技创新公司债ETF,泰康中证AAA科技创新公司债交易型开放式指数证券投资基金,932160.CSI,中证AAA科技创新公司债指数,20250924,SH
551800.SH,国泰中证AAA科技创新公司债ETF,国泰中证AAA科技创新公司债ETF,国泰中证AAA科技创新公司债交易型开放式指数证券投资基金,932160.CSI,中证AAA科技创新公司债指数,20250924,SH
551900.SH,招商中证AAA科技创新公司债ETF,招商中证AAA科技创新公司债ETF,招商中证AAA科技创新公司债交易型开放式指数证券投资基金,932160.CSI,中证AAA科技创新公司债指数,20250717,SH
560010.SH,广发中证1000ETF,中证1000ETF广发,广发中证1000交易型开放式指数证券投资基金,000852.SH,中证1000指数,20220804,SH
560020.SH,汇添富中证红利ETF,红利ETF汇添富,汇添富中证红利交易型开放式指数证券投资基金,000922.CSI,中证红利指数,20231016,SH
560030.SH,汇添富中证800价值ETF,800价值ETF汇添富,汇添富中证800价值交易型开放式指数证券投资基金,H30356.CSI,中证800价值指数,20230710,SH
560050.SH,汇添富MSCI中国A50互联互通ETF,中国A50ETF汇添富,汇添富MSCI中国A50互联互通交易型开放式指数证券投资基金,746059.MI,MSCI中国A50互联互通(人民币)指数,20211108,SH
560060.SH,汇添富中证上海环交所碳中和ETF,碳中和ETF汇添富,汇添富中证上海环交所碳中和交易型开放式指数证券投资基金,931755.CSI,中证上海环交所碳中和指数,20220721,SH
560070.SH,汇添富中证国新央企股东回报ETF,央企红利ETF汇添富,汇添富中证国新央企股东回报交易型开放式指数证券投资基金,932039.CSI,中证国新央企股东回报指数,20230606,SH
560080.SH,汇添富中证中药ETF,中药ETF汇添富,汇添富中证中药交易型开放式指数证券投资基金,930641.CSI,中证中药指数,20221017,SH
560090.SH,汇添富中证全指证券公司ETF,证券ETF汇添富,汇添富中证全指证券公司交易型开放式指数证券投资基金,399975.SZ,中证全指证券公司指数,20230315,SH
560100.SH,南方中证500增强策略ETF,中证500增强ETF南方,南方中证500增强策略交易型开放式指数证券投资基金,000905.SH,中证小盘500指数,20220216,SH
560110.SH,汇添富中证1000ETF,中证1000ETF汇添富,汇添富中证1000交易型开放式指数证券投资基金,000852.SH,中证1000指数,20220808,SH
560120.SH,华夏中证500自由现金流ETF,中证500现金流ETF华夏,华夏中证500自由现金流交易型开放式指数证券投资基金,932367.CSI,中证500自由现金流指数,20250805,SH
560130.SH,鹏华中证全指食品ETF,食品ETF鹏华,鹏华中证全指食品交易型开放式指数证券投资基金,H30192.CSI,中证全指食品指数,20260113,SH
560150.SH,红利TK,红利低波ETF泰康,泰康中证红利低波动交易型开放式指数证券投资基金,H30269.CSI,中证红利低波动指数,20240408,SH
560160.SH,易方达中证全指食品ETF,食品ETF易方达,易方达中证全指食品交易型开放式指数证券投资基金,H30192.CSI,中证全指食品指数,20260127,SH
560170.SH,南方中证国新央企科技引领ETF,央企科技ETF南方,南方中证国新央企科技引领交易型开放式指数证券投资基金,932038.CSI,中证国新央企科技引领指数,20230706,SH
560180.SH,南方沪深300ESG基准ETF,沪深300ESGETF南方,南方沪深300ESG基准交易型开放式指数证券投资基金,931463.CSI,沪深300ESG基准指数,20230421,SH
560190.SH,鹏华中证全指公用事业ETF,公用事业ETF鹏华,鹏华中证全指公用事业交易型开放式指数证券投资基金,000995.CSI,中证全指公用事业指数,20250106,SH
560210.SH,景顺长城农牧渔ETF,农牧渔ETF景顺,景顺长城中证全指农牧渔交易型开放式指数证券投资基金,930910.CSI,中证全指农牧渔指数,20260320,SH
560220.SH,广发中证2000ETF,中证2000ETF广发,广发中证2000交易型开放式指数证券投资基金,932000.CSI,中证2000指数,20230918,SH
560230.SH,富国中证光伏产业ETF,光伏ETF富国,富国中证光伏产业交易型开放式指数证券投资基金,931151.CSI,中证光伏产业指数,20260206,SH
560250.SH,富国中证全指红利质量ETF,红利质量ETF富国,富国中证全指红利质量交易型开放式指数证券投资基金,932315.CSI,中证全指红利质量指数,20260522,SH
560260.SH,广发中证医疗ETF,医疗ETF广发,广发中证医疗交易型开放式指数证券投资基金,399989.SZ,中证医疗指数,20230915,SH
560270.SH,电力ETF工银,电力ETF工银,工银瑞信中证全指电力公用事业交易型开放式指数证券投资基金,H30199.CSI,中证全指电力公用事业指数,20260306,SH
560280.SH,广发中证工程机械ETF,工程机械ETF广发,广发中证工程机械主题交易型开放式指数证券投资基金,931752.CSI,中证工程机械主题指数,20231030,SH
560290.SH,景顺长城中证有色金属矿业主题ETF,有色ETF景顺,景顺长城中证有色金属矿业主题交易型开放式指数证券投资基金,931892.CSI,中证有色金属矿业主题指数,20260206,SH
560300.SH,汇添富中证电信主题ETF,电信ETF汇添富,汇添富中证电信主题交易型开放式指数证券投资基金,931235.CSI,中证电信主题指数,20231218,SH
560310.SH,博时中证光伏产业ETF,光伏ETF博时,博时中证光伏产业交易型开放式指数证券投资基金,931151.CSI,中证光伏产业指数,20260302,SH
560320.SH,富国中证全指食品ETF,食品ETF富国,富国中证全指食品交易型开放式指数证券投资基金,H30192.CSI,中证全指食品指数,20260513,SH
560330.SH,申万菱信沪深300价值ETF,沪深300价值ETF申万菱信,申万菱信沪深300价值交易型开放式指数证券投资基金,000919.CSI,沪深300价值指数,20230523,SH
560350.SH,摩根中证A50ETF,中证A50ETF摩根,摩根中证A50交易型开放式指数证券投资基金,930050.CSI,中证A50指数,20240312,SH
560360.SH,万家中证软件服务ETF,软件ETF万家,万家中证软件服务交易型开放式指数证券投资基金,930601.CSI,中证软件服务指数,20240624,SH
560370.SH,易方达中证全指红利质量ETF,红利质量ETF易方达,易方达中证全指红利质量交易型开放式指数证券投资基金,932315.CSI,中证全指红利质量指数,20260226,SH
560380.SH,南方中证A100ETF,A100ETF南方,南方中证A100交易型开放式指数证券投资基金,000903.SH,中证A100指数,20241227,SH
560390.SH,易方达恒生A股电网设备ETF,电网设备ETF易方达,易方达恒生A股电网设备交易型开放式指数证券投资基金,HSCAUPG.HI,恒生A股电网设备指数,20260304,SH
560400.SH,华泰柏瑞中证全指证券公司ETF,证券ETF华泰柏瑞,华泰柏瑞中证全指证券公司交易型开放式指数证券投资基金,399975.SZ,中证全指证券公司指数,20260319,SH
560410.SH,鹏华中证电池主题ETF,电池ETF鹏华,鹏华中证电池主题交易型开放式指数证券投资基金,931719.CSI,中证电池主题指数,20260417,SH
560420.SH,前海开源中证全指食品ETF,食品ETF前海开源,前海开源中证全指食品交易型开放式指数证券投资基金,H30192.CSI,中证全指食品指数,20260519,SH
560450.SH,天弘中证全指电力公用事业ETF,电力ETF天弘,天弘中证全指电力公用事业交易型开放式指数证券投资基金,H30199.CSI,中证全指电力公用事业指数,20260430,SH
560460.SH,平安中证全指电力公用事业ETF,电力ETF平安,平安中证全指电力公用事业交易型开放式指数证券投资基金,H30199.CSI,中证全指电力公用事业指数,20260515,SH
560470.SH,易方达中证细分有色金属产业主题ETF,有色ETF易方达,易方达中证细分有色金属产业主题交易型开放式指数证券投资基金,000811.CSI,中证细分有色金属产业主题指数,20260430,SH
560480.SH,招商中证全指电力公用事业ETF,电力ETF招商,招商中证全指电力公用事业交易型开放式指数证券投资基金,H30199.CSI,中证全指电力公用事业指数,20260526,SH
560490.SH,华泰柏瑞中证工业有色金属主题ETF,工业有色ETF华泰柏瑞,华泰柏瑞中证工业有色金属主题交易型开放式指数证券投资基金,H11059.CSI,中证工业有色金属主题指数,20260526,SH
560500.SH,鹏扬中证500质量成长ETF,500质量成长ETF鹏扬,鹏扬中证500质量成长交易型开放式指数证券投资基金,930939.CSI,中证500质量成长指数,20210901,SH
560510.SH,中证A500,中证A500ETF泰康,泰康中证A500交易型开放式指数证券投资基金,000510.SH,中证A500指数,20241015,SH
560520.SH,大成中证红利低波动100ETF,红利低波100ETF大成,大成中证红利低波动100交易型开放式指数证券投资基金,930955.CSI,中证红利低波动100指数,20240418,SH
560530.SH,摩根中证A500ETF,中证A500ETF摩根,摩根中证A500交易型开放式指数证券投资基金,000510.SH,中证A500指数,20241015,SH
560550.SH,广发中证上海环交所碳中和ETF,碳中和ETF广发,广发中证上海环交所碳中和交易型开放式指数证券投资基金,931755.CSI,中证上海环交所碳中和指数,20220719,SH
560560.SH,碳中和TK,碳中和ETF泰康,泰康中证内地低碳经济主题交易型开放式指数证券投资基金,000977.CSI,中证内地低碳经济主题指数,20210913,SH
560570.SH,国联安中证A500红利低波ETF,A500红利ETF国联安,国联安中证A500红利低波动交易型开放式指数证券投资基金,932422.CSI,中证A500红利低波动指数,20250918,SH
560580.SH,南方中证全指电力公用事业ETF,电力ETF南方,南方中证全指电力公用事业交易型开放式指数证券投资基金,H30199.CSI,中证全指电力公用事业指数,20230512,SH
560590.SH,1000ETF增强,中证1000增强ETF鹏华,鹏华中证1000增强策略交易型开放式指数证券投资基金,000852.SH,中证1000指数,20230925,SH
560610.SH,招商中证A500ETF,A500ETF招商,招商中证A500交易型开放式指数证券投资基金,000510.SH,中证A500指数,20241015,SH
560620.SH,万家中证全指公用事业ETF,公用事业ETF万家,万家中证全指公用事业交易型开放式指数证券投资基金,000995.CSI,中证全指公用事业指数,20241009,SH
560630.SH,万家中证机器人ETF,机器人ETF万家,万家中证机器人交易型开放式指数证券投资基金,H30590.CSI,中证机器人指数,20250401,SH
560650.SH,核心50ETF,核心50ETF民生加银,民生加银中证企业核心竞争力50交易型开放式指数证券投资基金,931526.CSI,中证企业核心竞争力50指数,20220627,SH
560660.SH,新华中证云计算50ETF,云计算50ETF新华,新华中证云计算50交易型开放式指数证券投资基金,931469.CSI,中证云计算50指数,20210825,SH
560680.SH,广发中证主要消费ETF,消费ETF广发,广发中证主要消费交易型开放式指数证券投资基金,000932.SH,中证主要消费指数,20221031,SH
560690.SH,电信ETF基金,电信ETF鹏华,鹏华中证电信主题交易型开放式指数证券投资基金,931235.CSI,中证电信主题指数,20240422,SH
560700.SH,广发中证国新央企股东回报ETF,央企红利ETF广发,广发中证国新央企股东回报交易型开放式指数证券投资基金,932039.CSI,中证国新央企股东回报指数,20230606,SH
560710.SH,富国中证智选船舶产业ETF,船舶ETF富国,富国中证智选船舶产业交易型开放式指数证券投资基金,932420.CSI,中证智选船舶产业指数,20260206,SH
560750.SH,申万菱信中证A500ETF,A500ETF申万菱信,申万菱信中证A500交易型开放式指数证券投资基金,000510.SH,中证A500指数,20250207,SH
560770.SH,招商中证机器人ETF,机器人ETF招商,招商中证机器人交易型开放式指数证券投资基金,H30590.CSI,中证机器人指数,20250901,SH
560780.SH,广发中证半导体材料设备ETF,半导体设备ETF广发,广发中证半导体材料设备主题交易型开放式指数证券投资基金,931743.CSI,中证半导体材料设备主题指数,20231212,SH
560790.SH,鹏华中证软件服务ETF,软件ETF鹏华,鹏华中证软件服务交易型开放式指数证券投资基金,930601.CSI,中证软件服务指数,20260525,SH
560800.SH,鹏扬中证数字经济主题ETF,数字经济ETF鹏扬,鹏扬中证数字经济主题交易型开放式指数证券投资基金,931582.CSI,中证数字经济主题指数,20220107,SH
560810.SH,融通中证诚通央企ESGETF,央企ESGETF融通,融通中证诚通央企ESG交易型开放式指数证券投资基金,931243.CSI,中证诚通央企ESG指数,20241209,SH
560820.SH,新华中证A50ETF,中证A50ETF新华,新华中证A50交易型开放式指数证券投资基金,930050.CSI,中证A50指数,20250418,SH
560830.SH,华夏中证全指电力公用事业ETF,电力ETF华夏,华夏中证全指电力公用事业交易型开放式指数证券投资基金,H30199.CSI,中证全指电力公用事业指数,20260526,SH
560850.SH,汇添富中证信息技术应用创新产业ETF,信创ETF汇添富,汇添富中证信息技术应用创新产业交易型开放式指数证券投资基金,931247.CSI,中证信息技术应用创新产业指数,20240415,SH
560860.SH,万家中证工业有色金属主题ETF,工业有色ETF万家,万家中证工业有色金属主题交易型开放式指数证券投资基金,H11059.CSI,中证工业有色金属主题指数,20230313,SH
560870.SH,中银中证工业有色金属主题ETF,工业有色ETF中银,中银中证工业有色金属主题交易型开放式指数证券投资基金,H11059.CSI,中证工业有色金属主题指数,20260525,SH
560880.SH,广发中证全指家用电器ETF,家电ETF广发,广发中证全指家用电器交易型开放式指数证券投资基金,930697.CSI,中证全指家用电器指数,20220412,SH
560900.SH,摩根中证创新药产业ETF,创新药ETF摩根,摩根中证创新药产业交易型开放式指数证券投资基金,931152.CSI,中证创新药产业指数,20220602,SH
560910.SH,华泰柏瑞中证电池主题ETF,电池ETF华泰柏瑞,华泰柏瑞中证电池主题交易型开放式指数证券投资基金,931719.CSI,中证电池主题指数,20260521,SH
560930.SH,易方达中证全指电力公用事业ETF,电力ETF易方达,易方达中证全指电力公用事业交易型开放式指数证券投资基金,H30199.CSI,中证全指电力公用事业指数,20260514,SH
560950.SH,汇添富中证500增强策略ETF,中证500增强ETF汇添富,汇添富中证500增强策略交易型开放式指数证券投资基金,000905.SH,中证小盘500指数,20230731,SH
560980.SH,广发中证光伏龙头30ETF,光伏龙头ETF广发,广发中证光伏龙头30交易型开放式指数证券投资基金,931798.CSI,中证光伏龙头30指数,20221129,SH
560990.SH,中金科技先锋ETF,科技先锋ETF中金,中金中证科技先锋交易型开放式指数证券投资基金,931447.CSI,中证科技先锋指数,20220627,SH
561000.SH,华安沪深300增强策略ETF,沪深300增强ETF华安,华安沪深300增强策略交易型开放式指数证券投资基金,000300.SH,沪深300指数,20230111,SH
561010.SH,华安中证全指软件开发ETF,软件ETF华安,华安中证全指软件开发交易型开放式指数证券投资基金,932094.CSI,中证全指软件开发指数,20231211,SH
561050.SH,易方达中证稀有金属主题ETF,稀有金属ETF易方达,易方达中证稀有金属主题交易型开放式指数证券投资基金,930632.CSI,中证稀有金属主题指数,20260522,SH
561060.SH,华安中证国有企业红利ETF,国企红利ETF华安,华安中证国有企业红利交易型开放式指数证券投资基金,000824.CSI,中证国有企业红利指数,20230921,SH
561080.SH,华安中证全指自由现金流ETF,全指现金流ETF华安,华安中证全指自由现金流交易型开放式指数证券投资基金,932365.CSI,中证全指自由现金流指数,20250430,SH
561090.SH,华安中证A500增强策略ETF,A500增强ETF华安,华安中证A500增强策略交易型开放式指数证券投资基金,000510.SH,中证A500指数,20250702,SH
561100.SH,富国中证消费电子主题ETF,消费电子ETF富国,富国中证消费电子主题交易型开放式指数证券投资基金,931494.CSI,中证消费电子主题指数,20220208,SH
561120.SH,富国中证全指家用电器ETF,家电ETF富国,富国中证全指家用电器交易型开放式指数证券投资基金,930697.CSI,中证全指家用电器指数,20220215,SH
561130.SH,富国中证新华社民族品牌工程ETF,国货ETF富国,富国中证新华社民族品牌工程交易型开放式指数证券投资基金,931403.CSI,中证新华社民族品牌工程指数,20211018,SH
561160.SH,富国中证电池主题ETF,电池ETF富国,富国中证电池主题交易型开放式指数证券投资基金,931719.CSI,中证电池主题指数,20220708,SH
561170.SH,富国中证绿色电力ETF,绿色电力ETF富国,富国中证绿色电力交易型开放式指数证券投资基金,931897.CSI,中证绿色电力指数,20230316,SH
561180.SH,富国中证A100ETF,A100ETF富国,富国中证A100交易型开放式指数证券投资基金,000903.SH,中证A100指数,20221121,SH
561190.SH,富国中证上海环交所碳中和ETF,碳中和ETF富国,富国中证上海环交所碳中和交易型开放式指数证券投资基金,931755.CSI,中证上海环交所碳中和指数,20220719,SH
561200.SH,中证A100ETF工银,中证A100ETF工银,工银瑞信中证A100交易型开放式指数证券投资基金,000903.SH,中证A100指数,20240105,SH
561220.SH,数字经济ETF工银,数字经济ETF工银,工银瑞信中证诚通国企数字经济交易型开放式指数证券投资基金,931529.CSI,中证诚通国企数字经济指数,20250530,SH
561230.SH,中证A50ETF工银,中证A50ETF工银,工银瑞信中证A50交易型开放式指数证券投资基金,930050.CSI,中证A50指数,20240318,SH
561260.SH,能源ETF工银,能源ETF工银,工银瑞信中证国新央企现代能源交易型开放式指数证券投资基金,932037.CSI,中证国新央企现代能源指数,20230809,SH
561280.SH,中证1000增强ETF工银,中证1000增强ETF工银,工银瑞信中证1000增强策略交易型开放式指数证券投资基金,000852.SH,中证1000指数,20230922,SH
561300.SH,国泰沪深300增强策略ETF,沪深300增强ETF国泰,国泰沪深300增强策略交易型开放式指数证券投资基金,000300.SH,沪深300指数,20211210,SH
561310.SH,国泰中证消费电子主题ETF,消电ETF国泰,国泰中证消费电子主题交易型开放式指数证券投资基金,931494.CSI,中证消费电子主题指数,20211125,SH
561320.SH,国泰中证内地运输主题ETF,交运ETF国泰,国泰中证内地运输主题交易型开放式指数证券投资基金,000945.CSI,中证内地运输主题指数,20221208,SH
561330.SH,国泰中证有色金属矿业主题ETF,矿业ETF国泰,国泰中证有色金属矿业主题交易型开放式指数证券投资基金,931892.CSI,中证有色金属矿业主题指数,20221101,SH
561350.SH,国泰中证500ETF,中证500ETF国泰,国泰中证500交易型开放式指数证券投资基金,000905.SH,中证小盘500指数,20210901,SH
561360.SH,国泰中证油气产业ETF,石油ETF国泰,国泰中证油气产业交易型开放式指数证券投资基金,H30198.CSI,中证油气产业指数,20231031,SH
561370.SH,国泰中证2000ETF,中证2000ETF国泰,国泰中证2000交易型开放式指数证券投资基金,932000.CSI,中证2000指数,20230921,SH
561380.SH,国泰恒生A股电网设备ETF,电网设备ETF国泰,国泰恒生A股电网设备交易型开放式指数证券投资基金,HSCAUPG.HI,恒生A股电网设备指数,20241223,SH
561500.SH,华泰柏瑞中证企业核心竞争力50ETF,漂亮50ETF华泰柏瑞,华泰柏瑞中证企业核心竞争力50交易型开放式指数证券投资基金,931526.CSI,中证企业核心竞争力50指数,20210628,SH
561510.SH,华泰柏瑞中证中药ETF,中药ETF华泰柏瑞,华泰柏瑞中证中药交易型开放式指数证券投资基金,930641.CSI,中证中药指数,20220804,SH
561550.SH,华泰柏瑞中证500增强策略ETF,中证500增强ETF华泰柏瑞,华泰柏瑞中证500增强策略交易型开放式指数证券投资基金,000905.SH,中证小盘500指数,20211210,SH
561560.SH,华泰柏瑞中证全指电力公用事业ETF,电力ETF华泰柏瑞,华泰柏瑞中证全指电力公用事业交易型开放式指数证券投资基金,H30199.CSI,中证全指电力公用事业指数,20220516,SH
561570.SH,华泰柏瑞中证油气产业ETF,油气ETF华泰柏瑞,华泰柏瑞中证油气产业交易型开放式指数证券投资基金,H30198.CSI,中证油气产业指数,20241017,SH
561580.SH,华泰柏瑞中证中央企业红利ETF,央企红利ETF华泰柏瑞,华泰柏瑞中证中央企业红利交易型开放式指数证券投资基金,000825.CSI,中证中央企业红利指数,20230530,SH
561590.SH,华泰柏瑞中证1000增强策略ETF,中证1000增强ETF华泰柏瑞,华泰柏瑞中证1000增强策略交易型开放式指数证券投资基金,000852.SH,中证1000指数,20221212,SH
561600.SH,平安中证消费电子主题ETF,消费电子ETF平安,平安中证消费电子主题交易型开放式指数证券投资基金,931494.CSI,中证消费电子主题指数,20210909,SH
561660.SH,平安中证通用航空主题ETF,通用航空ETF平安,平安中证通用航空主题交易型开放式指数证券投资基金,931855.CSI,中证通用航空主题指数,20251110,SH
561680.SH,平安中证A500红利低波动ETF,A500红利低波ETF平安,平安中证A500红利低波动交易型开放式指数证券投资基金,932422.CSI,中证A500红利低波动指数,20250905,SH
561700.SH,博时中证全指电力公用事业ETF,电力ETF博时,博时中证全指电力公用事业交易型开放式指数证券投资基金,H30199.CSI,中证全指电力公用事业指数,20220715,SH
561750.SH,博时中证A50ETF,A50ETF博时,博时中证A50交易型开放式指数证券投资基金,930050.CSI,中证A50指数,20250530,SH
561760.SH,博时中证油气资源ETF,油气ETF博时,博时中证油气资源交易型开放式指数证券投资基金,931248.CSI,中证油气资源指数,20240429,SH
561770.SH,博时中证A100ETF,A100ETF博时,博时中证A100交易型开放式指数证券投资基金,000903.SH,中证A100指数,20250624,SH
561780.SH,博时中证1000增强ETF,1000增强ETF博时,博时中证1000增强策略交易型开放式指数证券投资基金,000852.SH,中证1000指数,20231110,SH
561790.SH,博时中证国新央企现代能源ETF,央企能源ETF博时,博时中证国新央企现代能源交易型开放式指数证券投资基金,932037.CSI,中证国新央企现代能源指数,20230809,SH
561800.SH,华富中证稀有金属主题ETF,稀有金属ETF华富,华富中证稀有金属主题交易型开放式指数证券投资基金,930632.CSI,中证稀有金属主题指数,20210824,SH
561870.SH,华富中证全指自由现金流ETF,现金流全指ETF华富,华富中证全指自由现金流交易型开放式指数证券投资基金,932365.CSI,中证全指自由现金流指数,20250509,SH
561880.SH,华富中证A100ETF,A100ETF华富,华富中证A100交易型开放式指数证券投资基金,000903.SH,中证A100指数,20250124,SH
561900.SH,招商沪深300ESG基准ETF,沪深300ESGETF招商,招商沪深300ESG基准交易型开放式指数证券投资基金,931463.CSI,沪深300ESG基准指数,20210715,SH
561910.SH,招商中证电池主题ETF,电池ETF招商,招商中证电池主题交易型开放式指数证券投资基金,931719.CSI,中证电池主题指数,20210812,SH
561920.SH,招商中证疫苗与生物技术ETF,疫苗ETF招商,招商中证疫苗与生物技术交易型开放式指数证券投资基金,931992.CSI,中证疫苗与生物技术指数,20230329,SH
561930.SH,招商沪深300ETF,沪深300ETF招商,招商沪深300交易型开放式指数证券投资基金,000300.SH,沪深300指数,20240920,SH
561950.SH,招商中证500增强策略ETF,中证500增强ETF招商,招商中证500增强策略交易型开放式指数证券投资基金,000905.SH,中证小盘500指数,20230424,SH
561960.SH,招商中证国新央企股东回报ETF,央企回报ETF招商,招商中证国新央企股东回报交易型开放式指数证券投资基金,932039.CSI,中证国新央企股东回报指数,20230606,SH
561980.SH,招商中证半导体产业ETF,半导体设备ETF招商,招商中证半导体产业交易型开放式指数证券投资基金,931865.CSI,中证半导体产业指数,20230901,SH
561990.SH,招商沪深300增强策略ETF,沪深300增强ETF招商,招商沪深300增强策略交易型开放式指数证券投资基金,000300.SH,沪深300指数,20211210,SH
562000.SH,华宝中证A100ETF,A100ETF华宝,华宝中证A100交易型开放式指数证券投资基金,000903.SH,中证A100指数,20220801,SH
562010.SH,华宝中证绿色能源ETF,绿色能源ETF华宝,华宝中证绿色能源交易型开放式指数证券投资基金,931733.CSI,中证绿色能源指数,20230103,SH
562030.SH,华宝中证信息技术应用创新产业ETF,信创ETF华宝,华宝中证信息技术应用创新产业交易型开放式指数证券投资基金,931247.CSI,中证信息技术应用创新产业指数,20231012,SH
562050.SH,华宝中证制药ETF,药ETF华宝,华宝中证制药交易型开放式指数证券投资基金,932217.CSI,中证制药指数,20250619,SH
562060.SH,华宝标普中国A股红利机会ETF,标普A股红利ETF华宝,华宝标普中国A股红利机会交易型开放式指数证券投资基金,CSPSADRP.OTH,标普中国A股红利机会指数,20231228,SH
562070.SH,华宝沪深300增强策略ETF,沪深300指增ETF华宝,华宝沪深300增强策略交易型开放式指数证券投资基金,000300.SH,沪深300指数,20251225,SH
562080.SH,华宝沪深300自由现金流ETF,300现金流ETF华宝,华宝沪深300自由现金流交易型开放式指数证券投资基金,932366.CSI,沪深300自由现金流指数,20250415,SH
562300.SH,低碳ETF,碳中和ETF银华,银华中证内地低碳经济主题交易型开放式指数证券投资基金,000977.CSI,中证内地低碳经济主题指数,20220105,SH
562310.SH,300成长,沪深300成长ETF银华,银华沪深300成长交易型开放式指数证券投资基金,000918.CSI,沪深300成长指数,20220909,SH
562320.SH,300价值A,沪深300价值ETF银华,银华沪深300价值交易型开放式指数证券投资基金,000919.CSI,沪深300价值指数,20230112,SH
562330.SH,500价值,中证500价值ETF银华,银华中证500价值交易型开放式指数证券投资基金,H30352.CSI,中证500价值指数,20230418,SH
562340.SH,500成长,中证500成长ETF银华,银华中证500质量成长交易型开放式指数证券投资基金,930939.CSI,中证500质量成长指数,20240508,SH
562350.SH,电力,电力ETF银华,银华中证全指电力公用事业交易型开放式指数证券投资基金,H30199.CSI,中证全指电力公用事业指数,20220712,SH
562360.SH,机器人YH,机器人ETF银华,银华中证机器人交易型开放式指数证券投资基金,H30590.CSI,中证机器人指数,20211015,SH
562380.SH,科技引领,央企科技ETF银华,银华中证国新央企科技引领交易型开放式指数证券投资基金,932038.CSI,中证国新央企科技引领指数,20230706,SH
562390.SH,中药,中药ETF银华,银华中证中药交易型开放式指数证券投资基金,930641.CSI,中证中药指数,20220728,SH
562500.SH,华夏中证机器人ETF,机器人ETF华夏,华夏中证机器人交易型开放式指数证券投资基金,H30590.CSI,中证机器人指数,20211229,SH
562510.SH,华夏中证旅游主题ETF,旅游ETF华夏,华夏中证旅游主题交易型开放式指数证券投资基金,930633.CSI,中证旅游主题指数,20211230,SH
562520.SH,华夏中证智选1000成长创新策略ETF,中证1000成长ETF华夏,华夏中证智选1000成长创新策略交易型开放式指数证券投资基金,931591.CSI,中证智选1000成长创新策略指数,20220322,SH
562530.SH,华夏中证智选1000价值稳健策略ETF,中证1000价值ETF华夏,华夏中证智选1000价值稳健策略交易型开放式指数证券投资基金,931588.CSI,中证智选1000价值稳健策略指数,20220812,SH
562550.SH,华夏中证绿色电力ETF,绿电ETF华夏,华夏中证绿色电力交易型开放式指数证券投资基金,931897.CSI,中证绿色电力指数,20230327,SH
562560.SH,华夏中证全指信息技术ETF,信息技术ETF华夏,华夏中证全指信息技术交易型开放式指数证券投资基金,000993.SH,中证全指信息技术指数,20240412,SH
562570.SH,华夏中证信息技术应用创新产业ETF,信创ETF华夏,华夏中证信息技术应用创新产业交易型开放式指数证券投资基金,931247.CSI,中证信息技术应用创新产业指数,20240430,SH
562580.SH,华夏中证全指可选消费ETF,可选消费ETF华夏,华夏中证全指可选消费交易型开放式指数证券投资基金,000989.SH,中证全指可选消费指数,20240326,SH
562590.SH,华夏中证半导体材料设备主题ETF,半导体设备ETF华夏,华夏中证半导体材料设备主题交易型开放式指数证券投资基金,931743.CSI,中证半导体材料设备主题指数,20231018,SH
562600.SH,华夏中证全指医疗器械ETF,医疗器械ETF华夏,华夏中证全指医疗器械交易型开放式指数证券投资基金,H30217.CSI,中证全指医疗器械指数,20231211,SH
562660.SH,华夏中证2000ETF,中证2000ETF华夏,华夏中证2000交易型开放式指数证券投资基金,932000.CSI,中证2000指数,20230914,SH
562700.SH,华夏中证汽车零部件主题ETF,汽车零部件ETF华夏,华夏中证汽车零部件主题交易型开放式指数证券投资基金,931230.CSI,中证汽车零部件主题指数,20240514,SH
562800.SH,嘉实中证稀有金属主题ETF,稀有金属ETF嘉实,嘉实中证稀有金属主题交易型开放式指数证券投资基金,930632.CSI,中证稀有金属主题指数,20210927,SH
562810.SH,嘉实上证综合增强策略ETF,上证指数增强ETF嘉实,嘉实上证综合增强策略交易型开放式指数证券投资基金,000001.SH,上证综合指数,20250313,SH
562820.SH,嘉实中证全指集成电路ETF,集成电路ETF嘉实,嘉实中证全指集成电路交易型开放式指数证券投资基金,932087.CSI,中证全指集成电路指数,20240422,SH
562850.SH,嘉实中证国新央企现代能源ETF,央企能源ETF嘉实,嘉实中证国新央企现代能源交易型开放式指数证券投资基金,932037.CSI,中证国新央企现代能源指数,20230809,SH
562860.SH,嘉实中证疫苗与生物技术ETF,疫苗ETF嘉实,嘉实中证疫苗与生物技术交易型开放式指数证券投资基金,931992.CSI,中证疫苗与生物技术指数,20230224,SH
562870.SH,嘉实中证全指证券公司ETF,证券ETF嘉实,嘉实中证全指证券公司交易型开放式指数证券投资基金,399975.SZ,中证全指证券公司指数,20250725,SH
562880.SH,嘉实中证电池主题ETF,电池ETF嘉实,嘉实中证电池主题交易型开放式指数证券投资基金,931719.CSI,中证电池主题指数,20210720,SH
562890.SH,嘉实中证A50ETF,A50ETF嘉实,嘉实中证A50交易型开放式指数证券投资基金,930050.CSI,中证A50指数,20240318,SH
562900.SH,易方达中证现代农业主题ETF,农业ETF易方达,易方达中证现代农业主题交易型开放式指数证券投资基金,930662.CSI,中证现代农业主题指数,20211213,SH
562910.SH,易方达中证装备产业ETF,高端制造ETF易方达,易方达中证装备产业交易型开放式指数证券投资基金,H11054.CSI,中证装备产业指数,20220110,SH
562920.SH,易方达中证信息安全主题ETF,信息安全ETF易方达,易方达中证信息安全主题交易型开放式指数证券投资基金,399994.SZ,中证信息安全主题指数,20230612,SH
562930.SH,易方达中证软件服务ETF,软件ETF易方达,易方达中证软件服务交易型开放式指数证券投资基金,930601.CSI,中证软件服务指数,20230605,SH
562950.SH,易方达中证消费电子主题ETF,消费电子ETF易方达,易方达中证消费电子主题交易型开放式指数证券投资基金,931494.CSI,中证消费电子主题指数,20220120,SH
562960.SH,易方达中证绿色电力ETF,绿色电力ETF易方达,易方达中证绿色电力交易型开放式指数证券投资基金,931897.CSI,中证绿色电力指数,20230412,SH
562970.SH,易方达中证光伏产业ETF,光伏ETF易方达,易方达中证光伏产业交易型开放式指数证券投资基金,931151.CSI,中证光伏产业指数,20241107,SH
562990.SH,易方达中证上海环交所碳中和ETF,碳中和ETF易方达,易方达中证上海环交所碳中和交易型开放式指数证券投资基金,931755.CSI,中证上海环交所碳中和指数,20220719,SH
563000.SH,易方达MSCI中国A50互联互通ETF,中国A50ETF易方达,易方达MSCI中国A50互联互通交易型开放式指数证券投资基金,746059.MI,MSCI中国A50互联互通(人民币)指数,20211108,SH
563010.SH,易方达中证电信主题ETF,电信ETF易方达,易方达中证电信主题交易型开放式指数证券投资基金,931235.CSI,中证电信主题指数,20230713,SH
563020.SH,易方达中证红利低波动ETF,红利低波ETF易方达,易方达中证红利低波动交易型开放式指数证券投资基金,H30269.CSI,中证红利低波动指数,20231214,SH
563030.SH,易方达中证500增强策略ETF,中证500增强ETF易方达,易方达中证500增强策略交易型开放式指数证券投资基金,000905.SH,中证小盘500指数,20230313,SH
563050.SH,易方达中证国新央企科技引领ETF,央企科技ETF易方达,易方达中证国新央企科技引领交易型开放式指数证券投资基金,932038.CSI,中证国新央企科技引领指数,20230706,SH
563060.SH,易方达中证国资央企50ETF,央企50ETF易方达,易方达中证国资央企50交易型开放式指数证券投资基金,931823.CSI,中证国资央企50指数,20250519,SH
563080.SH,易方达中证A50ETF,中证A50ETF易方达,易方达中证A50交易型开放式指数证券投资基金,930050.CSI,中证A50指数,20240318,SH
563090.SH,易方达上证50增强策略ETF,上证50增强ETF易方达,易方达上证50增强策略交易型开放式指数证券投资基金,000016.SH,上证50指数,20240606,SH
563150.SH,油气资源,油气ETF银华,银华中证油气资源交易型开放式指数证券投资基金,931248.CSI,中证油气资源指数,20240530,SH
563180.SH,高股息,高股息ETF银华,银华中证高股息策略交易型开放式指数证券投资基金,H30366.CSI,中证高股息策略指数,20240514,SH
563200.SH,富国中证2000ETF,中证2000ETF富国,富国中证2000交易型开放式指数证券投资基金,932000.CSI,中证2000指数,20231018,SH
563210.SH,富国恒生A股专精特新企业ETF,专精特新ETF富国,富国恒生A股专精特新企业交易型开放式指数证券投资基金,HSCSSE.HI,恒生A股专精特新企业指数,20250124,SH
563220.SH,富国中证A500ETF,A500ETF富国,富国中证A500交易型开放式指数证券投资基金,000510.SH,中证A500指数,20241015,SH
563230.SH,富国中证卫星产业ETF,卫星ETF富国,富国中证卫星产业交易型开放式指数证券投资基金,931594.CSI,中证卫星产业指数,20250917,SH
563280.SH,富国MSCI中国A50互联互通增强策略ETF,A50增强ETF富国,富国MSCI中国A50互联互通增强策略交易型开放式指数证券投资基金,746059.MI,MSCI中国A50互联互通(人民币)指数,20240412,SH
563300.SH,华泰柏瑞中证2000ETF,中证2000ETF华泰柏瑞,华泰柏瑞中证2000交易型开放式指数证券投资基金,932000.CSI,中证2000指数,20230914,SH
563320.SH,华泰柏瑞中证通用航空主题ETF,通用航空ETF华泰柏瑞,华泰柏瑞中证通用航空主题交易型开放式指数证券投资基金,931855.CSI,中证通用航空主题指数,20250903,SH
563330.SH,华泰柏瑞中证A股ETF,A股ETF华泰柏瑞,华泰柏瑞中证A股交易型开放式指数证券投资基金,930903.CSI,中证A股指数,20231107,SH
563350.SH,华泰柏瑞中证A50ETF,A50ETF华泰柏瑞,华泰柏瑞中证A50交易型开放式指数证券投资基金,930050.CSI,中证A50指数,20240318,SH
563360.SH,华泰柏瑞中证A500ETF,A500ETF华泰柏瑞,华泰柏瑞中证A500交易型开放式指数证券投资基金,000510.SH,中证A500指数,20241015,SH
563380.SH,华泰柏瑞中证全指航空航天ETF,航空航天ETF华泰柏瑞,华泰柏瑞中证全指航空航天交易型开放式指数证券投资基金,932088.CSI,中证全指航空航天指数,20251107,SH
563390.SH,华泰柏瑞中证全指自由现金流ETF,全指现金流ETF华泰柏瑞,华泰柏瑞中证全指自由现金流交易型开放式指数证券投资基金,932365.CSI,中证全指自由现金流指数,20250430,SH
563500.SH,华宝中证A500ETF,A500ETF华宝,华宝中证A500交易型开放式指数证券投资基金,000510.SH,中证A500指数,20241202,SH
563510.SH,易方达中证A500红利低波动ETF,A500红利低波ETF易方达,易方达中证A500红利低波动交易型开放式指数证券投资基金,932422.CSI,中证A500红利低波动指数,20251201,SH
563520.SH,沪深300ETF永赢,沪深300ETF永赢,永赢沪深300交易型开放式指数证券投资基金,000300.SH,沪深300指数,20241118,SH
563530.SH,易方达中证卫星产业ETF,卫星ETF易方达,易方达中证卫星产业交易型开放式指数证券投资基金,931594.CSI,中证卫星产业指数,20251114,SH
563550.SH,摩根中证A500增强策略ETF,A500增强ETF摩根,摩根中证A500增强策略交易型开放式指数证券投资基金,000510.SH,中证A500指数,20250516,SH
563560.SH,兴业中证科技优势成长50策略ETF,科技成长ETF兴业,兴业中证科技优势成长50策略交易型开放式指数证券投资基金,931696.CSI,中证科技优势成长50策略指数,20260227,SH
563570.SH,兴业中证金融科技ETF,金融科技ETF兴业,兴业中证金融科技主题交易型开放式指数证券投资基金,930986.CSI,中证金融科技主题指数,20251111,SH
563580.SH,万家中证800自由现金流ETF,自由现金流800ETF万家,万家中证800自由现金流交易型开放式指数证券投资基金,932368.CSI,中证800自由现金流指数,20250725,SH
563590.SH,国寿安保中证A500红利低波动ETF,A500红利低波动ETF国寿,国寿安保中证A500红利低波动交易型开放式指数证券投资基金,932422.CSI,中证A500红利低波动指数,20251105,SH
563600.SH,易方达中证A500增强策略ETF,A500增强ETF易方达,易方达中证A500增强策略交易型开放式指数证券投资基金,000510.SH,中证A500指数,20250926,SH
563620.SH,兴业中证全指自由现金流ETF,全指现金流ETF兴业,兴业中证全指自由现金流交易型开放式指数证券投资基金,932365.CSI,中证全指自由现金流指数,20250820,SH
563630.SH,国联安中证A500增强ETF,A500增强ETF国联安,国联安中证A500增强策略交易型开放式指数证券投资基金,000510.SH,中证A500指数,20250701,SH
563650.SH,兴业中证A500ETF,中证A500ETF兴业,兴业中证A500交易型开放式指数证券投资基金,000510.SH,中证A500指数,20250403,SH
563660.SH,银河中证A500ETF,A500ETF银河,银河中证A500交易型开放式指数证券投资基金,000510.SH,中证A500指数,20250402,SH
563670.SH,鹏华中证金融科技主题ETF,金融科技ETF鹏华,鹏华中证金融科技主题交易型开放式指数证券投资基金,930986.CSI,中证金融科技主题指数,20251014,SH
563680.SH,汇添富中证800自由现金流ETF,800现金流ETF汇添富,汇添富中证800自由现金流交易型开放式指数证券投资基金,932368.CSI,中证800自由现金流指数,20250515,SH
563690.SH,红利低波ETF永赢,红利低波ETF永赢,永赢中证红利低波动交易型开放式指数证券投资基金,H30269.CSI,中证红利低波动指数,20251010,SH
563700.SH,易方达中证红利价值ETF,红利价值ETF易方达,易方达中证红利价值交易型开放式指数证券投资基金,H30270.CSI,中证红利价值指数,20250428,SH
563750.SH,汇添富中证500ETF,中证500ETF汇添富,汇添富中证500交易型开放式指数证券投资基金,000905.SH,中证小盘500指数,20251030,SH
563760.SH,中银中证全指自由现金流ETF,全指现金流ETF中银,中银中证全指自由现金流交易型开放式指数证券投资基金,932365.CSI,中证全指自由现金流指数,20250606,SH
563770.SH,招商中证全指自由现金流ETF,全指现金流ETF招商,招商中证全指自由现金流交易型开放式指数证券投资基金,932365.CSI,中证全指自由现金流指数,20250516,SH
563780.SH,方正富邦中证全指自由现金流ETF,现金流全指ETF方正富邦,方正富邦中证全指自由现金流交易型开放式指数证券投资基金,932365.CSI,中证全指自由现金流指数,20250513,SH
563790.SH,鹏华中证卫星产业ETF,卫星ETF鹏华,鹏华中证卫星产业交易型开放式指数证券投资基金,931594.CSI,中证卫星产业指数,20260105,SH
563800.SH,广发中证A500ETF,A500ETF广发,广发中证A500交易型开放式指数证券投资基金,000510.SH,中证A500指数,20241118,SH
563830.SH,博时中证全指自由现金流ETF,全指现金流ETF博时,博时中证全指自由现金流交易型开放式指数证券投资基金,932365.CSI,中证全指自由现金流指数,20250522,SH
563850.SH,广发中证全指食品ETF,食品ETF广发,广发中证全指食品交易型开放式指数证券投资基金,H30192.CSI,中证全指食品指数,20251219,SH
563860.SH,海富通中证A500ETF,中证A500ETF海富通,海富通中证A500交易型开放式指数证券投资基金,000510.SH,中证A500指数,20250212,SH
563870.SH,鹏华中证通用航空主题ETF,通用航空ETF鹏华,鹏华中证通用航空主题交易型开放式指数证券投资基金,931855.CSI,中证通用航空主题指数,20260115,SH
563880.SH,汇添富中证A500ETF,A500ETF汇添富,汇添富中证A500交易型开放式指数证券投资基金,000510.SH,中证A500指数,20241125,SH
563890.SH,创金合信中证国有企业红利ETF,国企红利ETF创金合信,创金合信中证国有企业红利交易型开放式指数证券投资基金,000824.CSI,中证国有企业红利指数,20251017,SH
563900.SH,摩根沪深300自由现金流ETF,300自由现金流ETF摩根,摩根沪深300自由现金流交易型开放式指数证券投资基金,932366.CSI,沪深300自由现金流指数,20250507,SH
563930.SH,招商上证综合增强策略ETF,上证增强ETF招商,招商上证综合增强策略交易型开放式指数证券投资基金,000001.SH,上证综合指数,20260106,SH
563960.SH,300质量ETF兴全,300质量ETF兴全,兴全沪深300质量交易型开放式指数证券投资基金,932431.CSI,沪深300质量指数,20260108,SH
563980.SH,鑫元中证800红利低波动ETF,800红利低波ETF鑫元,鑫元中证800红利低波动交易型开放式指数证券投资基金,931848.CSI,中证800红利低波动指数,20251107,SH
563990.SH,富国中证800自由现金流ETF,800现金流ETF富国,富国中证800自由现金流交易型开放式指数证券投资基金,932368.CSI,中证800自由现金流指数,20250424,SH
588000.SH,华夏上证科创板50成份ETF,科创50ETF华夏,华夏上证科创板50成份交易型开放式指数证券投资基金,000688.SH,上证科创板50成份指数,20201116,SH
588010.SH,博时上证科创板新材料ETF,科创新材料ETF博时,博时上证科创板新材料交易型开放式指数证券投资基金,000689.SH,上证科创板新材料指数,20221026,SH
588020.SH,易方达上证科创板成长ETF,科创成长ETF易方达,易方达上证科创板成长交易型开放式指数证券投资基金,000690.SH,上证科创板成长指数,20230831,SH
588030.SH,博时科创100ETF,科创100ETF博时,博时上证科创板100交易型开放式指数证券投资基金,000698.SH,上证科创板100指数,20230915,SH
588040.SH,鹏华科创板50ETF,科创50ETF鹏华,鹏华上证科创板50成份交易型开放式指数证券投资基金,000688.SH,上证科创板50成份指数,20250414,SH
588050.SH,科创50ETF工银,科创50ETF工银,工银瑞信上证科创板50成份交易型开放式指数证券投资基金,000688.SH,上证科创板50成份指数,20201116,SH
588060.SH,广发科创50ETF,科创50ETF广发,广发上证科创板50成份交易型开放式指数证券投资基金,000688.SH,上证科创板50成份指数,20210729,SH
588070.SH,万家上证科创板成长ETF,科创成长ETF万家,万家上证科创板成长交易型开放式指数证券投资基金,000690.SH,上证科创板成长指数,20241114,SH
588080.SH,易方达上证科创板50ETF,科创50ETF易方达,易方达上证科创板50成份交易型开放式指数证券投资基金,000688.SH,上证科创板50成份指数,20201116,SH
588090.SH,华泰柏瑞上证科创板50成份ETF,科创50ETF华泰柏瑞,华泰柏瑞上证科创板50成份交易型开放式指数证券投资基金,000688.SH,上证科创板50成份指数,20201116,SH
588100.SH,嘉实上证科创板新一代信息技术ETF,科创信息ETF嘉实,嘉实上证科创板新一代信息技术交易型开放式指数证券投资基金,000682.SH,上证科创板新一代信息技术指数,20220527,SH
588110.SH,广发上证科创板成长ETF,科创成长ETF广发,广发上证科创板成长交易型开放式指数证券投资基金,000690.SH,上证科创板成长指数,20230831,SH
588120.SH,国泰上证科创板100ETF,科创100ETF国泰,国泰上证科创板100交易型开放式指数证券投资基金,000698.SH,上证科创板100指数,20230915,SH
588130.SH,华夏上证科创板生物医药ETF,科创医药ETF华夏,华夏上证科创板生物医药交易型开放式指数证券投资基金,000683.SH,上证科创板生物医药指数,20250528,SH
588140.SH,广发上证科创板200ETF,科创200ETF广发,广发上证科创板200交易型开放式指数证券投资基金,000699.SH,上证科创板200指数,20251015,SH
588150.SH,南方上证科创板50成份ETF,科创50ETF南方,南方上证科创板50成份交易型开放式指数证券投资基金,000688.SH,上证科创板50成份指数,20211220,SH
588160.SH,南方上证科创板新材料ETF,科创新材料ETF南方,南方上证科创板新材料交易型开放式指数证券投资基金,000689.SH,上证科创板新材料指数,20221026,SH
588170.SH,华夏上证科创板半导体材料设备主题ETF,科创半导体ETF华夏,华夏上证科创板半导体材料设备主题交易型开放式指数证券投资基金,950125.CSI,上证科创板半导体材料设备主题指数,20250408,SH
588180.SH,国联安科创ETF,科创50ETF国联安,国联安上证科创板50成份交易型开放式指数证券投资基金,000688.SH,上证科创板50成份指数,20210701,SH
588190.SH,科创100,科创100ETF银华,银华上证科创板100交易型开放式指数证券投资基金,000698.SH,上证科创板100指数,20230915,SH
588200.SH,嘉实上证科创板芯片ETF,科创芯片ETF嘉实,嘉实上证科创板芯片交易型开放式指数证券投资基金,000685.SH,上证科创板芯片指数,20221026,SH
588210.SH,易方达上证科创板100ETF,科创100ETF易方达,易方达上证科创板100交易型开放式指数证券投资基金,000698.SH,上证科创板100指数,20231116,SH
588220.SH,科创100ETF基金,科创100ETF鹏华,鹏华上证科创板100交易型开放式指数证券投资基金,000698.SH,上证科创板100指数,20230915,SH
588230.SH,华泰柏瑞上证科创板200ETF,科创200ETF华泰柏瑞,华泰柏瑞上证科创板200交易型开放式指数证券投资基金,000699.SH,上证科创板200指数,20241224,SH
588240.SH,鹏华科创板200ETF,科创200ETF鹏华,鹏华上证科创板200交易型开放式指数证券投资基金,000699.SH,上证科创板200指数,20250225,SH
588250.SH,鹏华上证科创板生物医药ETF,科创医药ETF鹏华,鹏华上证科创板生物医药交易型开放式指数证券投资基金,000683.SH,上证科创板生物医药指数,20250321,SH
588260.SH,华安上证科创板新一代信息技术ETF,科创信息ETF华安,华安上证科创板新一代信息技术交易型开放式指数证券投资基金,000682.SH,上证科创板新一代信息技术指数,20220527,SH
588270.SH,易方达上证科创板200ETF,科创200ETF易方达,易方达上证科创板200交易型开放式指数证券投资基金,000699.SH,上证科创板200指数,20250616,SH
588280.SH,华安上证科创板50ETF,科创50ETF华安,华安上证科创板50成份交易型开放式指数证券投资基金,000688.SH,上证科创板50成份指数,20211029,SH
588290.SH,华安上证科创板芯片ETF,科创芯片ETF华安,华安上证科创板芯片交易型开放式指数证券投资基金,000685.SH,上证科创板芯片指数,20221026,SH
588300.SH,招商中证科创创业50ETF,科创创业50ETF招商,招商中证科创创业50交易型开放式指数证券投资基金,931643.CSI,中证科创创业50指数,20210705,SH
588310.SH,方正富邦科创创业50ETF,科创创业ETF方正富邦,方正富邦中证科创创业50交易型开放式指数证券投资基金,931643.CSI,中证科创创业50指数,20211202,SH
588320.SH,广发中证科创创业50增强策略ETF,双创50增强ETF广发,广发中证科创创业50增强策略交易型开放式指数证券投资基金,931643.CSI,中证科创创业50指数,20230106,SH
588330.SH,华宝双创龙头ETF,双创50ETF华宝,华宝中证科创创业50交易型开放式指数证券投资基金,931643.CSI,中证科创创业50指数,20210706,SH
588350.SH,鹏扬中证科创创业50ETF,科创创业50ETF鹏扬,鹏扬中证科创创业50交易型开放式指数证券投资基金,931643.CSI,中证科创创业50指数,20221110,SH
588360.SH,国泰中证科创创业50ETF,科创创业ETF国泰,国泰中证科创创业50交易型开放式指数证券投资基金,931643.CSI,中证科创创业50指数,20210706,SH
588370.SH,南方上证科创板50成份增强策略ETF,科创50增强ETF南方,南方上证科创板50成份增强策略交易型开放式指数证券投资基金,000688.SH,上证科创板50成份指数,20221213,SH
588380.SH,富国中证科创创业50ETF,科创创业ETF富国,富国中证科创创业50交易型开放式指数证券投资基金,931643.CSI,中证科创创业50指数,20210706,SH
588390.SH,博时中证科创创业50ETF,科创创业ETF博时,博时中证科创创业50交易型开放式指数证券投资基金,931643.CSI,中证科创创业50指数,20210830,SH
588400.SH,嘉实中证科创创业50ETF,科创创业ETF嘉实,嘉实中证科创创业50交易型开放式指数证券投资基金,931643.CSI,中证科创创业50指数,20210705,SH
588410.SH,鹏华中证科创创业人工智能ETF,科创创业人工智能ETF鹏华,鹏华中证科创创业人工智能交易型开放式指数证券投资基金,932456.CSI,中证科创创业人工智能指数,20260105,SH
588420.SH,摩根中证科创创业人工智能ETF,科创创业人工智能ETF摩根,摩根中证科创创业人工智能交易型开放式指数证券投资基金,932456.CSI,中证科创创业人工智能指数,20260105,SH
588430.SH,科创创业人工智能ETF工银,科创创业人工智能ETF工银,工银瑞信中证科创创业人工智能交易型开放式指数证券投资基金,932456.CSI,中证科创创业人工智能指数,20251229,SH
588450.SH,招商上证科创板50成份增强策略ETF,科创50增强ETF招商,招商上证科创板50成份增强策略交易型开放式指数证券投资基金,000688.SH,上证科创板50成份指数,20240522,SH
588460.SH,科创50增强ETF,科创50增强ETF鹏华,鹏华上证科创板50成份增强策略交易型开放式指数证券投资基金,000688.SH,上证科创板50成份指数,20230105,SH
588480.SH,中金中证科创创业人工智能ETF,科创创业人工智能ETF中金,中金中证科创创业人工智能交易型开放式指数证券投资基金,932456.CSI,中证科创创业人工智能指数,20260512,SH
588500.SH,易方达上证科创板100增强策略ETF,科创100增强ETF易方达,易方达上证科创板100增强策略交易型开放式指数证券投资基金,000698.SH,上证科创板100指数,20240719,SH
588520.SH,科创增强ETF永赢,科创增强ETF永赢,永赢上证科创板综合价格增强策略交易型开放式指数证券投资基金,000681.SH,上证科创板综合价格指数,20250708,SH
588550.SH,易方达上证科创板综合增强策略ETF,科创综指增强ETF易方达,易方达上证科创板综合增强策略交易型开放式指数证券投资基金,000680.SH,上证科创板综合指数,20250912,SH
588660.SH,兴银中证科创创业50ETF,科创创业50ETF兴银,兴银中证科创创业50交易型开放式指数证券投资基金,931643.CSI,中证科创创业50指数,20250317,SH
588670.SH,嘉实上证科创板综合增强策略ETF,科创综指增强ETF嘉实,嘉实上证科创板综合增强策略交易型开放式指数证券投资基金,000680.SH,上证科创板综合指数,20250613,SH
588680.SH,广发上证科创板100增强策略ETF,科创100增强ETF广发,广发上证科创板100增强策略交易型开放式指数证券投资基金,000698.SH,上证科创板100指数,20240705,SH
588690.SH,科综指增,科创增强ETF银华,银华上证科创板综合增强策略交易型开放式指数证券投资基金,000680.SH,上证科创板综合指数,20250829,SH
588700.SH,嘉实上证科创板生物医药ETF,科创医药ETF嘉实,嘉实上证科创板生物医药交易型开放式指数证券投资基金,000683.SH,上证科创板生物医药指数,20240105,SH
588710.SH,华泰柏瑞上证科创板半导体材料设备主题ETF,科创半导体设备ETF华泰柏瑞,华泰柏瑞上证科创板半导体材料设备主题交易型开放式指数证券投资基金,950125.CSI,上证科创板半导体材料设备主题指数,20250604,SH
588720.SH,中银上证科创板50ETF,科创50ETF中银,中银上证科创板50成份交易型开放式指数证券投资基金,000688.SH,上证科创板50成份指数,20250415,SH
588730.SH,易方达上证科创板人工智能ETF,科创人工智能ETF易方达,易方达上证科创板人工智能交易型开放式指数证券投资基金,950180.CSI,上证科创板人工智能指数,20250124,SH
588750.SH,汇添富上证科创板芯片ETF,科创芯片ETF汇添富,汇添富上证科创板芯片交易型开放式指数证券投资基金,000685.SH,上证科创板芯片指数,20241226,SH
588760.SH,广发上证科创板人工智能ETF,科创人工智能ETF广发,广发上证科创板人工智能交易型开放式指数证券投资基金,950180.CSI,上证科创板人工智能指数,20250123,SH
588770.SH,摩根上证科创板新一代信息技术ETF,科创信息ETF摩根,摩根上证科创板新一代信息技术交易型开放式指数证券投资基金,000682.SH,上证科创板新一代信息技术指数,20250324,SH
588780.SH,国联安科创芯片设计ETF,科创芯片设计ETF国联安,国联安上证科创板芯片设计主题交易型开放式指数证券投资基金,950162.CSI,上证科创板芯片设计主题指数,20241226,SH
588790.SH,博时科创板人工智能ETF,科创AIETF博时,博时上证科创板人工智能交易型开放式指数证券投资基金,950180.CSI,上证科创板人工智能指数,20250109,SH
588800.SH,华夏上证科创板100ETF,科创100ETF华夏,华夏上证科创板100交易型开放式指数证券投资基金,000698.SH,上证科创板100指数,20231116,SH
588810.SH,富国上证科创板芯片ETF,科创芯片ETF富国,富国上证科创板芯片交易型开放式指数证券投资基金,000685.SH,上证科创板芯片指数,20250109,SH
588820.SH,华夏上证科创板200ETF,科创200ETF华夏,华夏上证科创板200交易型开放式指数证券投资基金,000699.SH,上证科创板200指数,20250106,SH
588830.SH,鹏华科创板新能源ETF,科创新能源ETF鹏华,鹏华上证科创板新能源交易型开放式指数证券投资基金,000692.SH,上证科创板新能源指数,20240809,SH
588840.SH,万家上证科创板50成份ETF,科创50ETF万家,万家上证科创板50成份交易型开放式指数证券投资基金,000688.SH,上证科创板50成份指数,20250310,SH
588850.SH,嘉实上证科创板工业机械ETF,科创机械ETF嘉实,嘉实上证科创板工业机械交易型开放式指数证券投资基金,000693.SH,上证科创板工业机械指数,20250424,SH
588860.SH,科创医药ETF工银,科创医药ETF工银,工银瑞信上证科创板生物医药交易型开放式指数证券投资基金,000683.SH,上证科创板生物医药指数,20240823,SH
588870.SH,汇添富上证科创板50成份ETF,科创50ETF汇添富,汇添富上证科创板50成份交易型开放式指数证券投资基金,000688.SH,上证科创板50成份指数,20250127,SH
588880.SH,华泰柏瑞上证科创板100ETF,科创100ETF华泰柏瑞,华泰柏瑞上证科创板100交易型开放式指数证券投资基金,000698.SH,上证科创板100指数,20231116,SH
588890.SH,南方上证科创板芯片ETF,科创芯片ETF南方,南方上证科创板芯片交易型开放式指数证券投资基金,000685.SH,上证科创板芯片指数,20240423,SH
588900.SH,南方上证科创板100ETF,科创100ETF南方,南方上证科创板100交易型开放式指数证券投资基金,000698.SH,上证科创板100指数,20231218,SH
588910.SH,建信上证智选科创板创新价值ETF,科创价值ETF建信,建信上证智选科创板创新价值交易型开放式指数证券投资基金,950333.CSI,上证智选科创板创新价值指数,20250407,SH
588920.SH,鹏华科创板芯片ETF,科创芯片ETF鹏华,鹏华上证科创板芯片交易型开放式指数证券投资基金,000685.SH,上证科创板芯片指数,20250728,SH
588930.SH,科创板AI,科创人工智能ETF银华,银华上证科创板人工智能交易型开放式指数证券投资基金,950180.CSI,上证科创板人工智能指数,20250114,SH
588940.SH,富国上证科创板50成份ETF,科创50ETF富国,富国上证科创板50成份交易型开放式指数证券投资基金,000688.SH,上证科创板50成份指数,20250603,SH
588950.SH,景顺长城上证科创板50成份ETF,科创50ETF景顺,景顺长城上证科创板50成份交易型开放式指数证券投资基金,000688.SH,上证科创板50成份指数,20250124,SH
588960.SH,富国上证科创板新能源ETF,科创新能源ETF富国,富国上证科创板新能源交易型开放式指数证券投资基金,000692.SH,上证科创板新能源指数,20250219,SH
588980.SH,广发上证科创板100ETF,科创100ETF广发,广发上证科创板100交易型开放式指数证券投资基金,000698.SH,上证科创板100指数,20250801,SH
588990.SH,博时上证科创板芯片ETF,科创芯片ETF博时,博时上证科创板芯片交易型开放式指数证券投资基金,000685.SH,上证科创板芯片指数,20240816,SH
589000.SH,华夏上证科创板综合ETF,科创综指ETF华夏,华夏上证科创板综合交易型开放式指数证券投资基金,000680.SH,上证科创板综合指数,20250305,SH
589010.SH,华夏上证科创板人工智能ETF,科创人工智能ETF华夏,华夏上证科创板人工智能交易型开放式指数证券投资基金,950180.CSI,上证科创板人工智能指数,20250409,SH
589020.SH,鹏华科创板半导体材料设备主题ETF,科创半导体设备ETF鹏华,鹏华上证科创板半导体材料设备主题交易型开放式指数证券投资基金,950125.CSI,上证科创板半导体材料设备主题指数,20250904,SH
589030.SH,易方达上证科创板芯片设计主题ETF,科创芯片设计ETF易方达,易方达上证科创板芯片设计主题交易型开放式指数证券投资基金,950162.CSI,上证科创板芯片设计主题指数,20260119,SH
589050.SH,兴业科创价格ETF,科创综指ETF兴业,兴业上证科创板综合价格交易型开放式指数证券投资基金,000681.SH,上证科创板综合价格指数,20250818,SH
589060.SH,科创综指ETF东财,科创综指ETF东财,东财上证科创板综合价格交易型开放式指数证券投资基金,000681.SH,上证科创板综合价格指数,20250327,SH
589070.SH,天弘上证科创板芯片设计主题ETF,科创芯片设计ETF天弘,天弘上证科创板芯片设计主题交易型开放式指数证券投资基金,950162.CSI,上证科创板芯片设计主题指数,20260123,SH
589080.SH,汇添富上证科创板综合ETF,科创综指ETF汇添富,汇添富上证科创板综合交易型开放式指数证券投资基金,000680.SH,上证科创板综合指数,20250305,SH
589090.SH,鹏华科创板人工智能ETF,科创AIETF鹏华,鹏华上证科创板人工智能交易型开放式指数证券投资基金,950180.CSI,上证科创板人工智能指数,20250827,SH
589100.SH,国泰上证科创板芯片ETF,科创芯片ETF国泰,国泰上证科创板芯片交易型开放式指数证券投资基金,000685.SH,上证科创板芯片指数,20250407,SH
589110.SH,国泰上证科创板人工智能ETF,科创人工智能ETF国泰,国泰上证科创板人工智能交易型开放式指数证券投资基金,950180.CSI,上证科创板人工智能指数,20251015,SH
589120.SH,汇添富上证科创板创新药ETF,科创创新药ETF汇添富,汇添富上证科创板创新药交易型开放式指数证券投资基金,950161.CSI,上证科创板创新药指数,20250919,SH
589130.SH,易方达上证科创板芯片ETF,科创芯片ETF易方达,易方达上证科创板芯片交易型开放式指数证券投资基金,000685.SH,上证科创板芯片指数,20260108,SH
589150.SH,平安上证科创板50成份ETF,科创50ETF平安,平安上证科创板50成份交易型开放式指数证券投资基金,000688.SH,上证科创板50成份指数,20260106,SH
589160.SH,广发上证科创板芯片ETF,科创芯片ETF广发,广发上证科创板芯片交易型开放式指数证券投资基金,000685.SH,上证科创板芯片指数,20260130,SH
589170.SH,鹏华科创板芯片设计主题ETF,科创芯片设计ETF鹏华,鹏华上证科创板芯片设计主题交易型开放式指数证券投资基金,950162.CSI,上证科创板芯片设计主题指数,20260206,SH
589180.SH,汇添富上证科创板新材料ETF,科创新材料ETF汇添富,汇添富上证科创板新材料交易型开放式指数证券投资基金,000689.SH,上证科创板新材料指数,20250616,SH
589190.SH,华宝上证科创板芯片ETF,科创芯片ETF华宝,华宝上证科创板芯片交易型开放式指数证券投资基金,000685.SH,上证科创板芯片指数,20260127,SH
589200.SH,科创200ETF工银,科创200ETF工银,工银瑞信上证科创板200交易型开放式指数证券投资基金,000699.SH,上证科创板200指数,20250808,SH
589210.SH,广发上证科创板芯片设计主题ETF,科创芯片设计ETF广发,广发上证科创板芯片设计主题交易型开放式指数证券投资基金,950162.CSI,上证科创板芯片设计主题指数,20251223,SH
589220.SH,国泰上证科创板200ETF,科创200ETF国泰,国泰上证科创板200交易型开放式指数证券投资基金,000699.SH,上证科创板200指数,20260126,SH
589230.SH,南方上证科创板人工智能ETF,科创人工智能ETF南方,南方上证科创板人工智能交易型开放式指数证券投资基金,950180.CSI,上证科创板人工智能指数,20260202,SH
589250.SH,浦银安盛科创板芯片设计ETF,科创芯片设计ETF浦银,浦银安盛上证科创板芯片设计主题交易型开放式指数证券投资基金,950162.CSI,上证科创板芯片设计主题指数,20260401,SH
589260.SH,国泰上证科创板芯片设计主题ETF,科创芯片设计ETF国泰,国泰上证科创板芯片设计主题交易型开放式指数证券投资基金,950162.CSI,上证科创板芯片设计主题指数,20260402,SH
589270.SH,前海开源上证科创板100ETF,科创100ETF前海开源,前海开源上证科创板100交易型开放式指数证券投资基金,000698.SH,上证科创板100指数,20260428,SH
589280.SH,华宝科创板综合增强策略ETF,科创增强ETF华宝,华宝上证科创板综合增强策略交易型开放式指数证券投资基金,000680.SH,上证科创板综合指数,20260520,SH
589300.SH,嘉实上证科创板综合ETF,科创综指ETF嘉实,嘉实上证科创板综合交易型开放式指数证券投资基金,000680.SH,上证科创板综合指数,20250417,SH
589380.SH,富国上证科创板人工智能ETF,科创AIETF富国,富国上证科创板人工智能交易型开放式指数证券投资基金,950180.CSI,上证科创板人工智能指数,20250701,SH
589500.SH,科创综指ETF工银,科创综指ETF工银,工银瑞信上证科创板综合价格交易型开放式指数证券投资基金,000681.SH,上证科创板综合价格指数,20250303,SH
589520.SH,华宝上证科创板人工智能ETF,科创人工智能ETF华宝,华宝上证科创板人工智能交易型开放式指数证券投资基金,950180.CSI,上证科创板人工智能指数,20250313,SH
589550.SH,华夏上证智选科创板价值50策略ETF,科创价值ETF华夏,华夏上证智选科创板价值50策略交易型开放式指数证券投资基金,950228.CSI,上证智选科创板价值50策略指数,20250728,SH
589560.SH,汇添富上证科创板人工智能ETF,科创人工智能ETF汇添富,汇添富上证科创板人工智能交易型开放式指数证券投资基金,950180.CSI,上证科创板人工智能指数,20250905,SH
589580.SH,兴银上证科创板综合价格ETF,科创综指ETF兴银,兴银上证科创板综合价格交易型开放式指数证券投资基金,000681.SH,上证科创板综合价格指数,20250611,SH
589600.SH,富国上证科创板综合价格ETF,科创综指ETF富国,富国上证科创板综合价格交易型开放式指数证券投资基金,000681.SH,上证科创板综合价格指数,20250307,SH
589630.SH,国泰上证科创板综合ETF,科创综指ETF国泰,国泰上证科创板综合交易型开放式指数证券投资基金,000680.SH,上证科创板综合指数,20250312,SH
589660.SH,南方上证科创板综合ETF,科创综指ETF南方,南方上证科创板综合交易型开放式指数证券投资基金,000680.SH,上证科创板综合指数,20250305,SH
589680.SH,鹏华科创板综合ETF,科创综指ETF鹏华,鹏华上证科创板综合交易型开放式指数证券投资基金,000680.SH,上证科创板综合指数,20250305,SH
589700.SH,南方上证科创板成长ETF,科创成长ETF南方,南方上证科创板成长交易型开放式指数证券投资基金,000690.SH,上证科创板成长指数,20250605,SH
589720.SH,国泰上证科创板创新药ETF,科创创新药ETF国泰,国泰上证科创板创新药交易型开放式指数证券投资基金,950161.CSI,上证科创板创新药指数,20250801,SH
589770.SH,招商上证科创板综合ETF,科创综指ETF招商,招商上证科创板综合交易型开放式指数证券投资基金,000680.SH,上证科创板综合指数,20250305,SH
589780.SH,富国上证科创板200ETF,科创200ETF富国,富国上证科创板200交易型开放式指数证券投资基金,000699.SH,上证科创板200指数,20250926,SH
589800.SH,易方达上证科创板综合ETF,科创综指ETF易方达,易方达上证科创板综合交易型开放式指数证券投资基金,000680.SH,上证科创板综合指数,20250304,SH
589820.SH,建信上证科创板200ETF,科创200ETF建信,建信上证科创板200交易型开放式指数证券投资基金,000699.SH,上证科创板200指数,20250915,SH
589850.SH,科创50ETF东财,科创50ETF东财,东财上证科创板50成份交易型开放式指数证券投资基金,000688.SH,上证科创板50成份指数,20250811,SH
589860.SH,天弘上证科创板综合ETF,科创综指ETF天弘,天弘上证科创板综合交易型开放式指数证券投资基金,000680.SH,上证科创板综合指数,20250305,SH
589880.SH,建信上证科创板综合ETF,科创综指ETF建信,建信上证科创板综合交易型开放式指数证券投资基金,000680.SH,上证科创板综合指数,20250228,SH
589890.SH,景顺长城上证科创板综合价格ETF,科创综指ETF景顺,景顺长城上证科创板综合价格交易型开放式指数证券投资基金,000681.SH,上证科创板综合价格指数,20250305,SH
589900.SH,博时科创综指ETF,科创综指ETF博时,博时上证科创板综合交易型开放式指数证券投资基金,000680.SH,上证科创板综合指数,20250305,SH
589950.SH,富国上证科创板100ETF,科创100ETF富国,富国上证科创板100交易型开放式指数证券投资基金,000698.SH,上证科创板100指数,20251017,SH
589960.SH,易方达上证科创板新能源ETF,科创新能源ETF易方达,易方达上证科创板新能源交易型开放式指数证券投资基金,000692.SH,上证科创板新能源指数,20250922,SH
589980.SH,汇添富上证科创板100ETF,科创100ETF汇添富,汇添富上证科创板100交易型开放式指数证券投资基金,000698.SH,上证科创板100指数,20250512,SH
589990.SH,华泰柏瑞上证科创板综合ETF,科创综指ETF华泰柏瑞,华泰柏瑞上证科创板综合交易型开放式指数证券投资基金,000680.SH,上证科创板综合指数,20250305,SH
